Chris Taylor,113786,11,17,9,8,4
Alex Smith,58971,14,19,7,12,3
Chris Wilson,116415,11,19,12,11,6
Alex Davis,95630,25,20,13,12,3
Emily Williams,73853,17,20,12,9,3
Michael Wilson,102186,13,12,15,11,4
Emily Miller,61794,24,14,14,15,4
Michael Doe,55290,22,13,15,9,7
Anna Wilson,40385,19,10,10,11,8
Chris Doe,106680,17,13,8,8,3
Alex Miller,92736,10,18,11,13,6
Sarah Johnson,106480,24,16,13,9,8
Michael Smith,82766,12,11,9,13,4
Michael Miller,52338,24,16,10,15,5
Sarah Williams,78748,16,17,14,12,4
Chris Jones,47313,24,15,10,10,4
Laura Smith,95108,16,13,13,14,7
Michael Wilson,103339,19,16,9,10,4
Sarah Doe,95167,20,16,13,8,3
Chris Jones,107429,12,12,11,9,3
Sarah Johnson,106190,20,16,12,11,6
Anna Wilson,90769,17,15,15,12,3
Chris Jones,74196,10,12,7,8,8
John Taylor,52668,19,12,15,10,5
Sarah Davis,41241,24,18,6,10,8
Emily Wilson,106691,22,18,12,10,7
Alex Williams,62501,14,18,10,8,6
Sarah Wilson,73659,17,14,8,12,7
Alex Brown,52321,17,14,9,9,4
Anna Williams,78569,15,15,12,12,3
Laura Taylor,118608,24,19,5,10,8
Anna Smith,49077,12,18,8,14,3
Alex Smith,101439,12,19,10,10,3
Anna Johnson,96537,22,17,5,13,6
John Williams,73826,11,15,7,8,5
Laura Davis,65504,17,12,13,13,6
David Davis,59321,17,13,8,14,5
David Williams,71697,11,17,7,14,3
Emily Williams,69456,17,19,9,14,8
Sarah Johnson,78666,23,20,5,13,3
Sarah Johnson,104180,23,14,5,12,6
Alex Johnson,85308,21,16,10,14,8
Jane Davis,60843,10,12,5,14,4
Emily Williams,75872,12,19,6,12,4
Sarah Jones,50965,25,14,11,9,6
John Miller,98636,21,19,8,9,8
Alex Williams,55520,10,13,6,14,3
David Smith,61915,20,10,14,13,4
Jane Brown,62219,25,19,5,10,4
Emily Williams,78236,19,10,5,9,4
David Brown,80202,24,13,9,8,3
David Smith,98345,12,15,7,9,5
Alex Wilson,41429,13,18,8,8,3
David Wilson,93027,17,13,8,13,4
Emily Doe,87828,15,14,12,12,7
Emily Davis,73238,20,17,5,8,6
Sarah Jones,107895,20,15,6,9,7
Anna Miller,115517,11,20,12,10,5
Anna Davis,68691,12,11,15,10,3
Sarah Jones,63929,22,17,6,9,8
Jane Wilson,119533,18,16,11,11,7
Anna Miller,90004,13,16,12,15,7
David Doe,41850,16,10,15,9,5
Sarah Doe,115326,18,18,11,8,7
Laura Davis,113564,12,20,5,13,4
Alex Miller,77158,19,14,13,14,8
Michael Smith,64008,13,17,6,12,7
David Johnson,43719,20,11,14,15,7
John Brown,111179,18,16,5,13,8
Chris Williams,80376,14,17,12,13,4
Laura Doe,72957,16,14,12,15,5
Anna Smith,51387,25,10,6,10,6
David Miller,103542,20,18,7,8,6
Chris Miller,43763,13,17,14,9,5
Sarah Wilson,100628,16,12,5,10,6
Chris Williams,84129,17,17,11,12,7
Michael Johnson,114281,24,14,9,15,5
David Davis,92892,17,13,15,10,7
Alex Smith,45096,10,19,8,11,6
Michael Wilson,104840,19,15,14,15,6
Michael Williams,70894,12,12,7,9,5
Michael Taylor,46518,22,16,9,13,7
Emily Taylor,65819,10,17,5,14,8
Anna Davis,110805,22,12,15,15,5
David Williams,61898,16,18,11,8,8
David Brown,52130,14,18,13,9,5
Laura Jones,118089,11,17,10,9,7
Emily Doe,66373,24,15,15,12,8
Anna Williams,85890,16,18,6,15,5
Sarah Davis,66303,10,15,14,10,5
John Brown,51483,14,18,15,11,8
Anna Miller,76309,10,14,9,15,5
Sarah Jones,112073,15,19,11,13,7
John Williams,95167,19,13,7,14,5
Anna Jones,75569,22,17,14,12,8
Anna Williams,107389,16,10,7,15,4
Jane Williams,44179,17,12,6,14,4
David Brown,80402,14,20,11,11,6
Anna Brown,112782,22,18,10,9,5
Michael Doe,87633,19,12,8,15,8
Alex Miller,77477,16,13,8,12,5
Alex Jones,85385,10,10,9,8,8
John Wilson,107332,24,19,15,11,3
Anna Wilson,79025,14,12,14,8,5
John Miller,86643,17,16,5,11,8
David Smith,55272,13,13,11,13,5
John Miller,101282,11,12,12,9,8
Anna Doe,86820,16,15,8,12,6
Emily Brown,91361,23,17,5,15,6
Alex Brown,57966,14,15,11,10,6
David Taylor,105483,25,14,6,10,6
Anna Brown,91293,15,18,5,10,7
Laura Taylor,88476,22,20,6,8,8
Alex Smith,47860,11,16,5,14,4
John Doe,41477,22,12,5,9,5
Emily Doe,58804,10,10,15,10,8
Laura Jones,85183,12,10,5,12,7
David Jones,48623,12,16,8,15,4
Laura Jones,118021,10,17,12,10,5
Alex Williams,57195,10,17,5,11,7
Emily Smith,80379,13,11,6,11,4
Jane Brown,46017,23,15,5,15,6
Sarah Taylor,100736,24,15,6,15,7
Sarah Smith,63604,12,15,8,13,7
Emily Wilson,66411,15,13,11,11,5
Alex Wilson,90820,12,14,5,8,8
David Williams,111345,24,20,11,15,4
Sarah Williams,55508,10,16,5,9,8
Anna Miller,83727,16,14,12,13,6
John Williams,100110,21,13,6,10,5
Sarah Smith,46440,14,14,10,10,6
Alex Miller,92382,12,17,8,13,4
David Doe,51230,14,19,12,15,7
Michael Williams,46452,10,19,7,15,5
Anna Doe,40894,23,17,6,15,4
Emily Taylor,40587,17,12,11,9,7
Chris Jones,41799,12,20,12,13,8
Anna Brown,112867,13,13,5,10,7
Michael Doe,101709,12,19,8,8,3
John Miller,97095,16,12,8,12,7
Emily Jones,105725,14,18,9,11,4
Laura Doe,51395,21,14,8,15,4
Alex Brown,115215,17,15,7,11,4
John Wilson,104374,24,10,10,15,5
John Davis,84590,14,19,9,9,4
Chris Smith,80319,14,16,14,15,7
Anna Brown,53668,24,13,11,8,3
Anna Doe,107774,11,12,11,9,5
David Davis,94780,15,17,13,14,8
Anna Williams,76798,20,18,11,12,6
Anna Williams,116085,13,17,6,9,7
Michael Smith,115102,17,16,11,9,4
Laura Miller,93783,24,15,9,14,4
Chris Miller,98873,23,15,6,12,4
Laura Miller,54098,18,14,9,10,8
Alex Doe,114067,20,13,7,14,6
John Jones,115148,18,19,12,10,4
Anna Taylor,85406,22,14,7,14,6
John Johnson,111581,15,16,15,15,3
Laura Doe,53730,18,20,7,9,4
Sarah Smith,82405,11,13,8,10,6
Sarah Williams,64658,25,18,12,10,4
John Davis,42842,22,16,5,9,5
Emily Jones,61473,14,11,11,15,7
Laura Jones,101856,25,14,6,11,8
Anna Williams,94891,10,16,5,15,8
Anna Wilson,100144,17,19,8,8,6
Chris Brown,106511,24,12,5,15,6
Chris Smith,41681,21,18,8,12,5
Anna Miller,97375,15,13,12,15,8
John Taylor,82673,13,18,5,13,8
Alex Smith,116576,20,17,8,8,8
Anna Wilson,109431,14,20,12,9,3
Laura Smith,57115,23,17,6,13,4
Chris Miller,77107,25,13,9,11,4
Emily Johnson,60625,23,15,12,11,3
Chris Davis,74551,17,12,6,8,5
David Johnson,111181,21,17,14,13,4
Laura Brown,115995,18,11,11,15,5
Anna Smith,71965,13,11,14,8,4
David Brown,98130,22,14,6,13,3
David Taylor,50149,23,17,14,8,8
Emily Taylor,89631,20,13,8,8,6
Alex Johnson,70212,10,20,14,12,8
Emily Williams,102691,10,11,7,13,3
Sarah Doe,44242,20,15,5,15,7
Sarah Williams,104013,25,20,7,13,5
Laura Davis,86845,21,19,10,13,6
Michael Taylor,96919,22,16,15,12,8
Sarah Doe,54140,11,10,10,9,5
Alex Williams,88625,12,19,12,9,7
Laura Doe,111121,23,11,5,13,4
Laura Miller,113892,25,16,10,14,7
Sarah Brown,83093,11,16,9,14,4
Jane Miller,56261,15,15,15,8,8
Laura Johnson,49260,25,20,13,13,8
Anna Williams,49583,23,14,5,8,7
Anna Wilson,78473,20,17,8,8,5
Sarah Williams,84113,10,16,10,14,5
Alex Smith,83708,13,13,7,8,6
Emily Johnson,88045,11,20,14,11,4
Sarah Taylor,93723,15,16,10,13,5
Emily Doe,89649,20,16,10,15,8
Michael Jones,84095,22,15,7,11,8
Jane Taylor,118285,14,20,9,13,7
Jane Jones,44724,16,14,11,9,4
Anna Williams,78199,18,13,10,15,8
David Williams,111785,19,11,12,9,4
Emily Davis,65969,15,15,15,12,3
Michael Taylor,54298,10,19,10,14,6
Chris Doe,52384,15,18,14,10,3
Sarah Jones,64490,19,18,11,12,6
Emily Wilson,45690,14,13,13,12,3
John Doe,108533,12,16,11,11,3
Jane Wilson,66074,14,12,13,15,8
Jane Taylor,67231,16,12,5,14,5
Emily Jones,100723,18,19,10,11,4
Emily Taylor,66186,17,11,9,9,6
Emily Williams,99528,22,14,15,15,8
David Smith,67578,19,20,15,15,8
Jane Brown,84318,23,10,8,8,5
Anna Doe,113302,25,19,8,13,6
John Doe,43146,11,20,12,15,5
Chris Jones,42001,15,13,5,8,7
Sarah Brown,67771,12,15,9,15,3
Sarah Jones,75763,10,20,12,13,3
Jane Doe,68908,11,13,13,12,6
Chris Doe,79414,17,10,10,9,4
Jane Johnson,110605,14,17,10,8,5
Laura Jones,104323,18,15,6,13,6
Emily Miller,98551,21,16,14,12,4
Chris Davis,48825,11,11,9,13,3
David Johnson,98403,13,19,14,12,6
Laura Davis,40032,18,17,8,15,5
David Doe,101302,18,17,8,9,7
Sarah Wilson,115174,13,11,11,14,3
Michael Smith,87820,10,11,10,8,7
Sarah Davis,99572,22,19,6,15,4
Emily Williams,110779,15,14,9,9,7
Chris Smith,114096,20,18,9,9,8
Emily Wilson,116228,12,15,5,9,4
David Williams,116322,20,10,6,12,4
John Wilson,79196,18,18,12,12,5
Anna Williams,95643,11,14,15,11,8
Michael Johnson,63821,22,16,9,14,6
Michael Davis,93729,23,17,9,12,5
David Taylor,43608,18,12,9,9,6
Sarah Miller,107019,16,15,8,13,3
Laura Doe,51928,16,14,11,15,5
Chris Doe,109609,23,13,7,15,4
Anna Jones,49061,16,14,11,9,6
Chris Williams,45725,13,11,6,10,3
Laura Williams,115868,16,11,8,14,6
Jane Williams,113375,22,11,11,11,5
Laura Davis,115166,23,12,6,15,6
Emily Brown,74614,19,13,9,11,5
David Smith,50278,11,19,13,15,4
David Taylor,98385,14,18,9,13,8
David Johnson,94942,14,16,15,14,8
Michael Miller,63922,21,10,7,14,7
David Brown,118659,23,18,15,15,4
Jane Taylor,106487,11,12,8,15,5
Anna Davis,64514,19,17,8,10,4
Alex Taylor,101353,16,15,8,13,5
Michael Brown,106318,25,15,5,9,6
Michael Taylor,70837,24,20,8,11,6
Jane Jones,79103,22,16,12,15,5
David Taylor,117584,10,13,13,8,5
Laura Miller,80969,13,11,10,11,6
Alex Doe,86470,16,10,5,14,3
Alex Brown,57911,15,10,5,10,7
Anna Taylor,68425,18,20,13,15,7
John Wilson,56677,22,10,15,10,5
Laura Davis,79093,12,12,12,9,7
John Wilson,115181,13,19,9,9,5
Alex Jones,116825,19,12,14,14,7
John Johnson,94753,23,14,14,14,8
Chris Jones,96235,18,11,11,14,6
Anna Williams,70589,13,12,13,8,3
Alex Doe,66271,14,20,8,12,7
Laura Davis,108449,21,18,5,12,8
Chris Williams,80852,17,11,10,15,7
Laura Doe,88482,13,20,12,14,5
Laura Wilson,52634,18,11,14,10,3
Jane Williams,40138,19,13,15,9,4
Laura Johnson,51578,24,10,9,10,6
Sarah Jones,85658,24,11,8,15,4
Anna Doe,74847,16,13,14,14,7
Michael Taylor,76483,13,13,14,10,7
Jane Johnson,59145,14,13,11,8,5
Sarah Smith,79703,10,16,8,12,3
Laura Doe,103451,23,18,11,8,8
Anna Taylor,45441,17,19,10,11,8
Sarah Jones,80816,13,13,12,10,5
David Williams,95260,19,16,13,13,6
David Johnson,79908,10,12,11,14,4
Michael Brown,56024,23,13,15,15,6
Anna Jones,61898,10,13,10,12,6
Chris Williams,67038,15,20,6,14,4
John Jones,44797,22,16,11,14,7
Laura Williams,93560,13,17,6,10,8
Chris Williams,73510,21,14,11,12,7
Jane Doe,118068,15,11,15,12,5
Jane Brown,58357,18,15,5,10,4
Anna Jones,42777,20,14,10,8,6
Chris Smith,86372,25,19,9,8,5
David Jones,88460,14,10,6,14,4
Alex Johnson,76403,10,15,15,14,5
Anna Brown,90062,22,14,13,8,3
Laura Johnson,100962,10,17,6,11,8
Sarah Miller,117260,19,18,12,10,6
John Jones,60906,15,12,6,12,6
Anna Brown,95204,14,18,14,10,8
John Johnson,110065,22,14,11,12,8
Chris Taylor,85911,24,18,12,11,8
David Smith,101962,10,12,8,8,6
David Davis,67913,14,13,13,10,4
Chris Brown,57641,13,15,9,10,5
Laura Johnson,111384,10,20,10,10,7
Laura Williams,72732,24,18,15,14,5
Alex Brown,114495,16,18,11,14,4
Anna Jones,41226,10,10,11,11,6
John Doe,61301,10,18,13,15,3
David Williams,40009,13,11,11,11,4
Laura Williams,80492,14,19,10,12,4
Sarah Williams,77104,22,18,9,13,3
David Wilson,80239,22,14,11,9,7
Sarah Brown,82872,13,18,5,12,8
Alex Davis,69302,14,14,8,13,8
Michael Williams,76749,19,13,15,11,3
Anna Williams,59287,21,14,11,8,6
Michael Taylor,74505,23,11,5,9,3
Emily Jones,109239,25,20,10,10,6
Alex Wilson,83485,16,16,8,8,8
Laura Wilson,73021,16,11,10,13,4
Sarah Smith,59477,10,15,13,13,5
John Doe,101230,23,13,6,15,5
Alex Doe,119207,20,19,5,12,3
Anna Williams,48668,19,17,5,15,8
Alex Doe,42471,19,18,10,13,7
Chris Williams,79485,11,12,13,10,6
Emily Miller,70344,23,18,11,12,3
Laura Johnson,77822,21,15,6,13,3
Chris Jones,47644,14,16,10,12,8
Sarah Wilson,60000,24,15,13,15,4
John Johnson,61276,20,15,14,14,3
Emily Doe,115202,19,16,15,9,3
Alex Smith,64000,10,14,11,14,3
Michael Smith,108869,17,16,11,15,3
Michael Johnson,88991,18,20,10,8,5
David Taylor,72581,18,10,10,11,7
Laura Smith,46483,12,17,5,11,8
Anna Williams,108885,22,13,10,12,3
Sarah Miller,100626,17,15,11,11,8
Alex Doe,77715,21,20,13,13,6
Chris Wilson,99018,21,19,5,13,7
Anna Smith,52105,17,18,9,13,7
Alex Smith,91680,25,15,14,12,4
John Davis,67402,23,20,15,12,6
David Doe,107556,25,16,9,9,6
Jane Smith,105876,12,18,12,11,4
Laura Jones,89996,25,12,8,14,8
David Miller,47400,20,11,15,10,6
Jane Jones,78568,25,12,7,13,6
Alex Doe,114717,10,12,5,13,8
Laura Smith,61786,24,20,8,10,8
Emily Williams,81610,21,13,14,11,8
David Taylor,40421,16,18,6,10,8
Emily Doe,98868,12,20,10,12,8
David Williams,71367,17,17,9,13,3
John Williams,84499,16,16,14,9,7
Laura Wilson,70627,14,13,5,15,8
Jane Miller,116721,25,10,11,13,7
John Jones,88443,23,12,7,14,8
Anna Jones,115567,24,16,12,10,4
John Smith,104612,19,11,14,11,7
Anna Taylor,55610,14,19,11,8,6
Jane Williams,53752,15,17,7,10,8
Jane Taylor,61732,24,10,12,15,6
Emily Davis,110848,25,12,5,8,6
Jane Wilson,116157,17,19,10,14,8
David Williams,57740,20,19,11,14,8
Chris Doe,65490,15,18,9,10,7
Michael Williams,86146,25,10,10,10,4
Sarah Miller,101687,21,20,12,9,6
Chris Doe,116484,14,15,6,14,5
Sarah Johnson,96502,23,15,9,13,3
Alex Davis,112985,23,12,7,12,5
David Davis,84018,11,15,15,10,6
Alex Brown,116718,17,20,7,12,4
John Johnson,47587,11,12,6,15,5
Emily Johnson,98984,12,15,9,15,6
John Davis,105812,24,20,9,14,4
Emily Wilson,51637,17,15,8,9,8
Chris Johnson,113811,13,16,8,9,6
Sarah Davis,43446,14,16,15,8,3
Chris Brown,102853,10,13,11,13,4
Alex Miller,97771,25,12,12,8,3
Alex Doe,107658,20,10,7,9,4
Emily Miller,54056,23,18,14,14,7
John Jones,118631,15,10,12,8,3
Anna Jones,89061,13,11,14,10,5
Jane Johnson,97692,20,19,12,9,4
Laura Miller,72813,11,12,11,15,5
Jane Jones,105856,21,10,15,9,5
Michael Jones,40348,23,10,6,11,7
Anna Jones,88742,21,17,14,10,3
Sarah Jones,79670,18,20,12,12,7
Emily Brown,54088,23,20,5,14,8
Jane Wilson,95444,21,17,10,8,4
Anna Johnson,60463,20,12,11,15,7
Chris Taylor,45569,16,13,10,12,8
Laura Miller,77790,16,20,9,14,8
Anna Davis,52664,21,11,11,8,8
Laura Johnson,72853,10,11,8,8,8
Anna Taylor,49435,15,20,5,9,5
Anna Smith,54562,20,20,9,11,7
John Wilson,109754,16,16,8,9,5
Alex Doe,49056,22,12,6,10,7
Alex Brown,87131,12,19,8,11,7
Laura Wilson,95291,14,15,7,14,8
Chris Jones,44416,11,20,7,13,3
Emily Smith,76437,19,17,12,11,5
Michael Williams,104714,21,12,12,15,4
Chris Davis,104234,20,11,14,15,3
Anna Doe,101055,11,18,15,12,5
Michael Miller,72522,22,19,7,11,5
Alex Williams,107886,24,16,10,11,6
Anna Jones,116497,10,11,14,8,5
Anna Williams,74038,22,15,10,8,6
Alex Smith,48749,13,15,9,15,4
Anna Taylor,104861,23,17,6,8,8
Sarah Davis,107168,13,18,14,15,4
Jane Jones,99679,18,14,10,10,6
David Miller,71704,13,16,10,11,6
John Davis,108266,10,20,9,15,5
John Davis,90613,25,19,7,10,3
John Miller,109096,15,16,6,12,4
Chris Johnson,80713,13,18,12,14,5
Michael Smith,45147,16,12,12,13,5
Chris Williams,107163,25,15,15,13,4
Jane Jones,58805,23,16,15,12,8
David Doe,119187,15,14,11,12,8
John Jones,82663,20,12,5,12,4
Laura Taylor,84225,16,18,14,14,6
Chris Davis,55605,15,11,14,13,3
David Wilson,67301,19,15,15,15,4
Michael Williams,91393,16,19,6,10,4
Alex Jones,55978,13,17,11,15,5
Chris Smith,67126,12,10,14,14,7
Alex Smith,102588,18,20,8,11,3
John Williams,51506,21,17,7,13,4
Michael Johnson,65837,21,14,12,13,4
David Smith,42384,24,17,13,12,3
Laura Jones,104049,15,12,11,13,6
Alex Williams,61840,25,14,14,15,3
Alex Doe,41042,13,11,10,8,7
John Johnson,102121,24,14,8,10,4
Anna Jones,99103,24,15,8,13,4
Anna Williams,88711,18,11,14,10,4
Anna Johnson,70570,23,13,12,13,7
Alex Doe,114939,17,13,9,10,6
Laura Johnson,70707,22,18,14,15,3
Anna Smith,90854,22,15,9,12,3
Alex Williams,89313,15,15,7,14,7
Sarah Miller,55228,14,11,11,15,5
Jane Wilson,57350,15,15,8,15,4
John Williams,54725,15,18,9,8,7
Emily Smith,70576,18,11,5,11,8
Chris Wilson,66852,12,18,15,13,4
David Taylor,94445,11,17,14,13,6
David Williams,47754,25,13,13,12,5
Jane Jones,91876,18,17,13,11,5
Alex Davis,90541,15,15,13,12,6
Laura Williams,70961,18,17,11,8,3
David Johnson,55204,19,13,12,9,7
Jane Smith,90284,19,16,15,15,7
Alex Brown,96794,14,15,5,10,5
David Johnson,106066,23,12,6,14,8
Sarah Wilson,87302,22,11,13,10,7
Sarah Wilson,57101,16,19,14,11,4
Laura Davis,116726,11,19,12,12,6
Emily Miller,107568,11,14,5,13,8
Alex Davis,94777,21,14,13,15,8
Emily Taylor,114855,12,15,6,15,5
David Doe,64505,25,18,7,12,8
Jane Davis,40775,24,11,6,14,5
Emily Brown,78762,21,13,15,8,8
Michael Doe,118168,12,13,14,14,3
John Taylor,88586,24,15,15,11,7
Anna Wilson,51336,19,14,14,11,3
Jane Wilson,40997,24,16,6,12,8
Michael Williams,97136,21,17,14,10,7
Sarah Johnson,105135,13,16,15,11,8
David Johnson,82276,20,19,5,10,7
Anna Brown,91670,14,18,8,14,8
Anna Jones,100913,16,19,6,8,4
Anna Wilson,69095,14,17,10,10,8
David Brown,78761,11,14,13,9,6
Sarah Johnson,47222,15,20,6,15,8
Chris Wilson,94173,14,12,14,8,4
Anna Taylor,103006,10,18,6,8,7
Emily Davis,106132,14,16,7,8,7
Michael Smith,93538,11,12,15,8,6
David Williams,66019,12,17,10,15,8
Michael Davis,80506,13,16,13,13,7
John Smith,83759,21,11,12,12,4
Sarah Wilson,40262,16,14,5,9,8
Chris Taylor,62626,17,19,7,11,3
Sarah Taylor,58976,17,18,8,13,8
Jane Johnson,105830,11,15,5,9,8
John Wilson,65042,13,17,9,8,8
Anna Doe,110278,16,13,14,14,7
Michael Smith,110259,15,10,7,15,4
Laura Williams,110726,13,14,14,8,5
Michael Taylor,116258,12,15,10,10,6
Anna Doe,105564,25,13,15,15,7
David Smith,111938,16,18,11,14,5
Laura Jones,77171,10,10,11,15,7
Emily Miller,44757,22,17,13,9,8
Anna Miller,88437,15,13,6,8,8
Emily Jones,106592,12,17,12,14,7
Michael Wilson,55715,22,13,12,14,6
David Jones,116765,23,20,7,11,6
Alex Brown,107081,24,15,9,12,8
Michael Taylor,52356,11,13,13,11,6
Chris Jones,67147,20,10,6,9,8
Alex Williams,54767,13,15,6,9,8
Chris Davis,80829,16,17,13,14,4
Alex Doe,95158,10,10,12,12,8
Michael Davis,61937,21,20,9,15,5
David Miller,82476,22,19,11,10,4
John Jones,116221,13,20,8,14,8
Anna Johnson,51632,16,12,13,11,5
Emily Wilson,75719,15,17,12,13,4
Michael Williams,98718,19,20,8,13,4
Chris Smith,60138,13,18,6,9,6
Laura Doe,105155,13,18,7,15,5
Anna Jones,96226,15,19,12,10,4
Sarah Doe,86796,13,19,7,11,3
Sarah Jones,84326,21,19,14,10,3
John Brown,100173,14,10,9,14,5
Laura Smith,40774,17,15,15,13,8
David Jones,53933,15,11,7,10,8
Sarah Miller,49835,25,15,6,11,7
Sarah Williams,49549,22,18,8,9,8
Chris Johnson,109516,22,12,9,8,3
Laura Smith,104238,20,12,15,8,3
David Johnson,43596,21,16,12,9,6
Anna Miller,86431,22,19,10,11,3
Michael Miller,68809,19,13,8,12,4
Michael Doe,73273,21,14,12,9,4
Jane Brown,76126,15,19,14,11,3
David Davis,49661,14,11,10,15,4
David Wilson,102350,20,14,15,13,8
Jane Johnson,53172,22,15,5,14,6
Anna Johnson,112943,22,20,7,14,4
Michael Miller,71998,14,11,12,11,4
Alex Williams,85796,15,15,11,13,6
Alex Taylor,82977,16,19,7,12,7
John Taylor,107037,25,19,15,13,4
Sarah Miller,95822,19,20,12,14,7
Anna Wilson,49740,10,10,10,12,8
Emily Jones,95537,14,20,9,12,8
Alex Williams,117824,15,11,8,9,5
Jane Davis,60814,15,16,12,12,3
Chris Wilson,79493,22,10,5,8,3
Anna Taylor,115823,15,10,9,9,8
Chris Brown,89876,18,12,5,10,3
Michael Jones,50925,10,10,10,15,4
Emily Davis,96106,22,14,12,12,4
Alex Doe,45288,25,18,8,15,4
Michael Williams,92459,20,17,7,11,4
David Davis,62185,11,10,15,15,5
Laura Smith,85659,10,16,15,9,7
Alex Wilson,83855,14,15,7,15,7
David Wilson,96372,18,19,8,11,7
John Johnson,62586,16,12,10,15,3
Chris Doe,71874,21,18,9,11,3
John Williams,115194,11,20,9,14,5
Sarah Davis,52849,19,11,9,11,3
David Johnson,83220,18,12,8,10,7
Laura Davis,70058,19,19,12,9,6
Michael Doe,52358,18,12,12,12,4
Anna Davis,64633,23,16,15,13,6
Sarah Wilson,53823,17,20,9,9,6
Emily Doe,80743,10,17,5,12,7
Laura Johnson,95929,18,17,11,12,3
Emily Williams,48883,19,11,15,9,5
Jane Miller,111409,25,19,15,10,6
Anna Davis,95631,19,11,6,11,3
Laura Williams,111097,13,14,11,13,3
Jane Jones,118088,23,11,7,10,5
Sarah Johnson,102684,25,17,9,10,3
Alex Wilson,62307,10,15,13,12,7
Sarah Miller,83605,15,14,7,9,6
Alex Johnson,114921,22,20,9,15,5
Emily Miller,60166,24,17,7,10,6
Sarah Brown,109681,21,15,13,13,6
Emily Taylor,73611,11,18,15,10,4
Anna Williams,94264,13,10,12,13,5
Sarah Johnson,55095,13,14,5,10,5
Anna Taylor,67342,19,16,8,8,8
Laura Johnson,45011,11,20,10,12,3
Alex Smith,48948,19,20,9,12,8
Jane Williams,48253,18,10,13,15,5
Jane Jones,63836,16,18,14,15,5
Anna Taylor,108423,13,14,10,15,8
Laura Davis,59436,16,18,6,13,8
Laura Brown,88271,20,20,6,12,5
Michael Taylor,63276,15,17,8,15,7
Alex Taylor,67009,11,11,12,8,4
Emily Wilson,79059,23,11,10,12,5
Laura Miller,95160,17,17,15,14,6
Laura Brown,63298,18,14,12,14,7
Sarah Johnson,95922,21,14,15,15,3
Chris Johnson,83857,12,18,11,12,4
Michael Williams,56166,20,19,15,8,6
Alex Wilson,82840,25,15,9,10,8
Sarah Smith,44885,10,20,6,10,3
Alex Davis,72486,21,10,11,12,8
Anna Doe,79953,18,12,7,9,6
Jane Davis,43770,17,16,7,15,7
Laura Williams,46299,20,12,12,12,8
Laura Davis,101679,13,18,7,8,5
Anna Williams,109837,24,14,6,11,3
Alex Taylor,61483,23,19,14,13,4
Anna Brown,118236,18,13,14,8,4
Jane Williams,60547,14,10,8,13,3
Chris Miller,67865,24,19,10,9,8
Jane Davis,49100,20,16,13,11,8
Michael Wilson,88572,10,15,11,10,7
Sarah Davis,92408,21,17,10,10,5
John Brown,60857,21,10,6,15,5
Emily Wilson,52525,12,14,10,13,5
Michael Wilson,96715,14,18,15,13,7
John Williams,51566,12,14,9,12,4
David Wilson,81413,10,14,10,13,7
Emily Davis,68682,12,19,15,13,4
John Smith,84098,13,14,12,9,4
Laura Johnson,102684,21,14,7,13,7
Laura Wilson,60451,25,20,9,9,5
Jane Doe,99979,16,19,7,15,4
Alex Williams,72746,10,15,7,12,7
John Smith,115385,18,16,9,14,7
Jane Davis,118679,20,14,9,14,8
Jane Wilson,67318,25,20,6,8,5
Chris Wilson,101996,12,12,12,9,5
Chris Jones,89701,25,10,6,11,3
Laura Davis,109214,10,15,7,8,8
Laura Miller,112796,20,14,14,11,7
Chris Williams,119827,17,13,9,9,7
Jane Williams,83414,15,19,15,11,8
John Jones,106480,14,10,5,12,8
Sarah Wilson,54210,23,19,14,11,5
Laura Doe,69466,14,20,9,15,6
Alex Jones,119085,25,18,15,10,6
Sarah Taylor,103403,22,18,8,9,5
Sarah Williams,51982,14,14,5,13,8
Laura Wilson,106515,12,20,5,12,4
Emily Taylor,96571,11,12,6,12,6
Jane Williams,62073,17,13,9,10,5
John Brown,111008,25,14,10,11,7
Laura Wilson,101823,12,17,15,12,3
Michael Jones,76642,16,13,11,15,3
Michael Miller,82565,22,16,13,10,6
Sarah Davis,65629,11,18,6,11,7
Anna Williams,90754,14,17,6,13,4
Michael Brown,97284,21,15,12,13,6
John Brown,110277,24,16,14,11,8
Sarah Davis,59859,12,18,15,10,8
Anna Williams,116681,21,16,8,12,8
Emily Brown,62334,10,18,5,14,5
Anna Williams,108154,15,12,15,10,6
Alex Taylor,54231,21,18,13,12,4
Sarah Williams,53056,13,14,12,15,4
Alex Johnson,91867,18,18,10,9,4
Alex Smith,73085,23,10,8,14,3
Emily Williams,82527,15,17,12,11,7
Alex Doe,43099,13,14,7,8,4
Alex Doe,96696,16,20,14,13,8
Alex Miller,95938,21,18,9,10,8
Jane Williams,54454,14,13,15,11,8
Alex Davis,101764,25,14,12,9,8
Anna Wilson,42776,22,11,13,14,4
Sarah Taylor,111686,15,11,7,14,8
Sarah Brown,80438,21,10,8,14,3
Jane Wilson,83736,22,19,8,12,6
John Williams,83471,22,14,12,9,3
Emily Brown,70716,18,16,12,8,4
David Smith,59968,11,15,12,8,4
Emily Miller,66973,18,14,12,8,6
Jane Smith,113821,12,14,15,13,3
Anna Taylor,49273,20,11,7,11,6
Anna Taylor,99690,14,13,11,8,4
Laura Williams,71952,16,18,9,12,6
Sarah Smith,44314,16,15,14,13,8
David Doe,95050,17,13,12,14,6
Sarah Smith,118976,18,13,8,11,8
Chris Smith,50185,19,17,10,10,5
Michael Wilson,53249,16,18,9,9,8
Laura Wilson,104833,15,11,9,9,3
Jane Williams,63717,14,17,10,8,3
Anna Wilson,113975,21,16,14,14,5
Michael Miller,113528,12,10,11,15,4
David Brown,109663,14,14,7,9,8
Michael Williams,90198,20,11,6,15,5
Anna Brown,59074,21,11,6,8,8
David Taylor,75890,10,11,9,10,8
Chris Doe,117117,11,15,10,12,6
Chris Davis,118404,22,20,12,14,3
Anna Brown,108860,12,20,10,9,6
Chris Doe,65372,13,16,8,14,3
Alex Williams,55098,17,15,12,8,7
Michael Taylor,80494,24,16,6,13,5
Michael Brown,76659,23,20,7,12,4
Chris Williams,117580,13,19,11,15,6
Alex Wilson,109831,14,12,9,13,3
Laura Taylor,95399,15,13,7,12,6
Chris Davis,43734,23,19,8,11,4
Michael Wilson,52087,22,12,15,11,4
Laura Smith,72927,12,20,6,13,7
John Doe,98595,10,10,9,14,4
Chris Williams,94697,14,10,10,12,3
Anna Jones,92311,10,13,11,8,4
John Doe,51421,18,20,11,14,7
Emily Taylor,89850,13,11,10,14,4
Anna Doe,82825,25,14,9,10,6
Chris Johnson,42739,20,17,8,13,8
John Wilson,92551,23,18,10,11,6
John Brown,89041,23,15,7,11,4
Laura Williams,83029,15,19,10,8,5
John Brown,65155,19,13,7,9,6
Michael Taylor,104414,10,10,7,12,4
Emily Smith,81261,24,11,6,13,7
Emily Williams,92926,22,13,11,14,3
Chris Brown,66465,19,10,10,15,4
Sarah Wilson,62049,16,17,6,13,4
Michael Doe,108544,21,19,11,9,5
David Doe,101014,17,15,8,15,7
Michael Doe,77696,14,19,14,13,6
Emily Davis,98816,11,18,15,8,7
Chris Johnson,101833,19,13,13,8,5
Laura Smith,110606,25,17,8,10,5
David Williams,62034,22,15,14,14,6
John Brown,74055,15,18,5,9,6
David Smith,85619,20,14,7,11,8
Emily Davis,47843,11,16,15,12,3
Anna Davis,103898,13,16,13,10,8
John Miller,52776,19,11,14,9,8
Jane Miller,56497,12,15,12,11,4
Jane Smith,51632,16,12,15,12,6
John Doe,107782,24,14,10,12,6
Sarah Smith,106170,12,20,12,12,4
Alex Williams,58346,17,12,8,15,8
Anna Brown,45104,21,13,11,10,8
David Williams,81604,16,13,7,13,6
Michael Davis,68232,14,14,11,15,6
Michael Jones,92234,11,14,10,12,6
Laura Miller,68101,18,20,5,14,8
John Wilson,62843,11,14,9,15,4
Alex Brown,45835,20,12,9,12,4
Jane Smith,49601,13,10,14,11,7
Sarah Jones,117342,11,19,13,15,7
Anna Jones,66805,24,11,5,12,6
Chris Jones,64030,14,10,6,9,5
Michael Miller,112846,16,16,7,13,6
Laura Taylor,77910,21,11,5,14,4
Anna Johnson,64411,12,20,12,10,5
Michael Smith,89202,16,13,9,13,7
Anna Johnson,79866,13,13,8,12,6
Michael Wilson,103592,20,17,14,9,4
Chris Davis,57300,19,18,15,10,7
Jane Davis,112526,24,20,14,14,7
Anna Taylor,73663,13,17,11,8,6
Emily Davis,80185,11,17,12,8,8
John Wilson,45930,24,16,13,14,5
Emily Doe,77194,11,16,15,11,6
Sarah Jones,89889,17,16,13,14,3
Emily Miller,118164,19,12,8,14,4
Laura Davis,67360,18,16,9,9,8
David Jones,89001,18,13,14,9,3
Jane Williams,112581,12,18,8,12,8
Laura Smith,43921,15,18,5,14,5
David Williams,114202,12,19,15,14,5
Michael Jones,105369,15,20,12,10,3
Jane Williams,102046,15,12,9,13,3
Anna Davis,58771,15,15,7,10,6
Michael Johnson,88426,13,11,9,13,4
Jane Williams,106891,21,14,15,12,5
David Williams,107387,12,19,8,15,8
Emily Smith,84670,25,13,8,13,3
Michael Doe,67384,11,12,12,9,3
Jane Smith,96146,11,11,6,13,5
David Smith,107426,16,14,13,10,6
David Miller,74781,19,13,11,15,5
Emily Smith,69307,16,10,15,13,7
Anna Miller,73904,16,12,9,14,6
David Davis,54982,22,17,7,8,7
Sarah Taylor,97498,23,10,6,8,3
Emily Doe,54315,23,16,8,10,5
Laura Johnson,48516,15,14,7,11,8
John Williams,65358,17,16,15,14,4
Anna Brown,44972,12,12,6,11,6
David Davis,100150,24,11,5,11,3
Anna Taylor,49745,13,16,6,15,7
Alex Williams,41529,20,15,12,10,7
Jane Miller,51601,10,10,8,11,4
Michael Johnson,65732,11,13,7,12,3
Jane Miller,67075,14,19,5,13,6
Chris Jones,60911,13,13,6,15,8
John Brown,103457,14,16,14,12,6
Alex Wilson,83419,12,14,14,8,7
Chris Wilson,82600,22,13,9,12,3
David Jones,79413,19,10,6,8,3
David Johnson,116102,20,12,13,12,6
John Miller,100758,11,14,10,9,4
Alex Smith,81979,18,14,8,10,8
Alex Williams,79770,15,11,9,14,7
David Smith,104560,18,12,12,8,7
Alex Miller,66593,24,18,15,10,3
Anna Doe,46919,19,17,12,12,6
David Doe,67047,20,18,7,10,3
David Williams,117863,21,13,12,10,5
Chris Doe,40659,20,17,11,13,3
Laura Taylor,80488,19,17,11,15,7
Chris Jones,119140,22,10,12,8,8
Chris Davis,74700,23,14,8,14,3
Alex Taylor,96178,10,10,8,13,8
Jane Johnson,81454,17,17,12,8,7
Emily Doe,79200,13,16,15,15,3
Alex Jones,113141,16,17,5,14,8
Chris Smith,66313,20,17,9,8,4
Michael Doe,67945,18,14,13,11,7
Michael Davis,60252,17,11,10,15,4
John Jones,109852,23,11,14,9,6
Chris Wilson,111267,25,14,5,8,4
Anna Wilson,40847,14,20,8,10,8
John Jones,106245,22,12,5,15,3
David Smith,86976,23,18,5,15,7
Laura Doe,40283,10,13,12,14,6
Jane Wilson,110111,23,18,12,10,4
Sarah Davis,62264,13,12,12,15,5
John Doe,68636,14,13,5,9,3
Anna Wilson,64249,16,11,7,8,7
John Davis,114428,23,14,11,11,7
Alex Johnson,43192,18,17,14,9,7
John Williams,101585,11,15,7,9,3
John Davis,58778,18,15,14,8,4
Michael Taylor,42988,23,12,5,14,3
Jane Davis,112340,24,16,13,8,3
Alex Brown,118618,14,18,10,10,6
Sarah Jones,94038,16,12,9,8,3
Anna Johnson,85713,19,11,10,11,3
Alex Jones,46773,22,18,12,10,3
Emily Smith,72074,21,13,13,12,5
Sarah Davis,76507,17,16,10,15,4
Laura Williams,41305,20,12,10,15,7
Chris Miller,53981,24,14,5,8,7
Michael Wilson,103247,22,13,6,9,4
Sarah Williams,82202,11,12,5,15,4
Chris Davis,114288,16,16,5,9,4
Anna Miller,117601,21,12,8,15,3
John Williams,119478,18,20,10,10,4
Emily Wilson,56109,23,17,13,15,7
Laura Doe,96364,13,11,11,8,4
Alex Wilson,96029,20,14,7,12,3
Alex Wilson,43276,14,15,11,9,5
Michael Williams,103240,12,19,15,14,3
Chris Jones,65928,16,18,13,12,5
David Wilson,75700,24,19,14,11,4
David Miller,49568,15,16,9,15,8
Anna Smith,41010,23,14,10,11,8
John Jones,119166,19,17,8,9,8
Chris Jones,98855,22,12,10,14,8
Alex Smith,109528,18,10,13,15,6
Emily Miller,106746,15,16,6,9,5
Michael Johnson,51609,18,16,11,15,3
John Williams,83625,17,17,13,11,6
Jane Davis,106961,14,16,12,13,6
Jane Johnson,67868,11,11,11,12,6
Alex Jones,80321,14,12,11,10,4
Laura Smith,87378,25,20,15,12,5
John Davis,109658,12,15,8,14,5
Anna Wilson,119746,12,17,8,15,5
Anna Taylor,75630,17,13,14,13,8
Jane Miller,45940,24,16,14,10,3
David Brown,99761,18,18,8,14,7
Jane Smith,56844,23,12,14,13,6
Alex Smith,62628,16,14,6,11,7
Emily Doe,57813,20,17,7,15,3
Anna Miller,72271,19,12,8,8,8
David Johnson,78199,17,12,10,12,7
Sarah Miller,99859,23,12,11,13,8
Anna Wilson,93213,10,15,13,11,3
Chris Smith,41739,17,10,15,10,6
Emily Jones,77391,20,17,11,11,8
David Davis,113279,10,17,11,13,5
John Johnson,55991,11,16,13,8,4
Jane Davis,98475,14,17,8,9,4
Laura Miller,106270,17,13,5,10,4
Jane Brown,68076,14,14,5,13,7
Alex Taylor,70146,13,20,8,8,4
Sarah Brown,48927,15,16,5,11,5
Michael Williams,95466,14,12,7,9,6
Emily Davis,58084,14,15,15,14,8
Alex Brown,53952,14,14,8,15,8
John Doe,76965,20,13,11,9,3
Alex Williams,102771,23,14,6,9,5
Sarah Wilson,119854,19,10,13,8,7
Chris Davis,100571,10,18,13,9,5
Alex Smith,76081,18,17,10,11,7
Jane Smith,104351,15,17,13,11,5
Laura Wilson,63559,20,20,10,10,8
Anna Smith,87450,18,11,5,8,5
David Johnson,75017,14,18,13,13,4
Alex Miller,78492,24,15,11,13,6
Sarah Brown,43351,19,16,6,14,4
Michael Smith,65749,17,16,14,13,4
Michael Williams,70332,24,12,13,11,6
Anna Smith,95698,22,12,10,13,3
Alex Williams,98976,22,10,12,12,6
Laura Jones,70142,18,12,6,10,3
Michael Williams,102685,11,20,7,13,8
Anna Jones,77248,16,10,13,11,7
Sarah Davis,84659,19,13,15,11,6
Jane Jones,98598,21,20,9,8,6
Sarah Johnson,86541,16,13,9,11,8
John Jones,86216,20,16,14,10,6
Michael Johnson,113062,18,20,15,9,4
Michael Smith,86549,10,10,5,9,5
Laura Davis,78967,14,19,13,8,7
Jane Miller,97160,13,17,7,15,6
Michael Smith,57050,15,18,9,13,4
Sarah Wilson,97682,24,18,10,14,3
Laura Miller,109860,23,14,9,15,6
Alex Wilson,101702,20,17,14,14,6
Michael Davis,68901,12,18,5,15,4
Michael Jones,66703,19,10,9,8,7
Laura Taylor,103753,11,10,12,10,3
Emily Jones,71693,12,18,7,9,3
Laura Brown,45803,22,13,10,12,6
Anna Taylor,59660,14,14,9,8,6
Alex Brown,107588,13,12,10,9,8
Jane Miller,64186,10,19,5,15,3
David Miller,55649,14,18,6,9,6
Jane Brown,86645,14,18,11,8,5
Jane Jones,113439,18,11,10,12,7
Chris Wilson,47451,12,15,12,11,6
Chris Brown,83152,19,13,11,8,7
Chris Miller,103825,20,11,9,11,8
Sarah Johnson,55303,16,11,9,11,8
David Miller,119673,21,12,13,9,4
Anna Wilson,69864,14,12,5,11,8
Chris Smith,83852,22,15,10,11,7
Emily Williams,92670,16,10,11,8,5
Laura Jones,106187,13,12,11,11,6
Emily Miller,80108,18,13,9,10,7
John Williams,55424,17,20,9,13,6
Jane Doe,103550,23,17,9,9,6
Sarah Doe,59547,19,12,9,12,4
John Doe,70543,12,12,5,11,8
Chris Johnson,90289,14,17,5,8,6
Sarah Smith,55923,15,18,6,12,3
Emily Wilson,77918,18,17,10,10,8
John Smith,50706,25,17,8,9,3
Sarah Smith,40254,12,16,13,12,6
Michael Doe,107804,18,11,15,9,6
Chris Miller,75913,22,17,14,8,6
Jane Johnson,57465,24,18,11,13,3
Jane Brown,88734,14,16,11,12,7
Chris Doe,82269,22,10,15,14,4
John Williams,93410,23,17,7,14,5
Michael Johnson,84110,11,15,11,15,5
Laura Jones,79348,12,19,14,13,5
Michael Taylor,47730,20,15,6,12,5
David Wilson,67202,13,15,5,9,6
Sarah Williams,46636,23,20,14,15,3
Michael Brown,58062,11,20,5,10,3
Sarah Miller,108320,25,12,11,11,3
Alex Wilson,87459,12,16,11,14,3
Michael Johnson,79050,25,10,5,15,7
David Doe,92278,24,18,14,11,3
Laura Smith,100948,23,16,6,14,7
Sarah Brown,94497,22,20,9,12,3
Emily Williams,93356,18,20,7,12,6
Alex Wilson,85586,14,11,13,8,3
Sarah Davis,47721,18,20,8,8,4
Anna Brown,71563,24,20,5,13,7
Chris Miller,57566,23,17,11,8,6
Michael Doe,47956,24,11,15,8,8
Michael Brown,108029,20,10,12,9,5
Michael Taylor,54499,10,16,13,14,4
Emily Williams,89983,17,19,14,12,4
Michael Taylor,115117,22,15,11,10,4
John Smith,119488,15,19,10,14,4
Laura Brown,86693,15,19,11,12,6
David Davis,45421,14,18,7,12,5
Chris Miller,79619,13,17,6,10,5
Jane Wilson,67898,16,12,14,10,6
Emily Taylor,63955,14,18,7,12,7
Sarah Williams,85287,18,11,5,9,4
David Smith,106086,24,18,11,11,4
Jane Doe,79127,10,11,12,15,4
Chris Taylor,46030,21,20,15,11,6
Michael Taylor,99413,17,12,8,12,6
Michael Williams,73685,22,20,10,13,4
Alex Davis,74826,15,16,14,14,7
David Davis,99089,21,12,13,9,6
Chris Johnson,111391,15,10,14,13,5
Emily Wilson,67058,10,12,9,9,4
Emily Brown,93793,10,20,15,10,8
David Jones,111427,20,11,15,12,8
Michael Smith,107036,18,17,15,10,4
Jane Miller,69631,23,15,15,15,6
Laura Doe,93262,22,15,7,14,5
Alex Johnson,101313,11,20,11,13,5
David Johnson,97874,14,18,13,14,7
Michael Johnson,75263,24,13,5,14,4
Anna Taylor,102465,25,13,13,9,6
Emily Davis,108946,20,17,10,14,3
David Taylor,49128,22,13,9,11,4
Alex Davis,116920,14,13,9,12,7
Jane Wilson,64311,24,17,7,15,8
Emily Johnson,95043,10,13,13,11,5
Sarah Smith,103981,23,20,6,11,7
Anna Wilson,83297,18,13,14,10,5
Chris Doe,90854,21,17,5,12,3
Emily Jones,56526,16,10,15,12,5
David Smith,63990,13,17,12,15,3
Sarah Taylor,83351,23,16,8,11,5
Chris Johnson,82543,16,12,7,9,8
Jane Brown,43463,22,16,8,9,5
Chris Brown,98359,17,11,9,13,4
David Davis,53628,21,10,12,13,3
Michael Williams,59693,15,19,5,9,4
Anna Taylor,80855,16,17,15,8,4
Laura Doe,41001,21,18,5,15,7
John Smith,119495,22,17,14,15,7
Anna Davis,103577,12,10,15,11,4
Michael Miller,117870,12,16,6,12,7
Emily Taylor,105742,14,17,7,14,6
Sarah Davis,118768,19,16,5,9,8
Sarah Taylor,109494,16,13,11,8,7
Emily Doe,45420,10,18,10,9,5
Anna Johnson,46766,25,15,11,9,4
Chris Brown,44805,24,17,10,9,6
Chris Wilson,84321,25,20,7,9,8
Alex Brown,102296,25,20,11,9,7
Alex Brown,116992,21,12,9,9,8
Jane Wilson,87492,19,13,14,11,3
Sarah Wilson,111286,17,15,10,13,7
Alex Taylor,89799,12,11,9,13,6
John Johnson,70113,12,18,12,10,6
Alex Brown,68656,20,10,11,13,5
Sarah Miller,114139,24,14,10,15,6
Alex Doe,46183,23,20,5,15,6
Chris Brown,116948,22,12,5,10,4
Emily Johnson,100915,17,17,13,9,7
Alex Doe,74999,14,17,14,14,6
Chris Johnson,43713,25,12,8,12,3
Alex Jones,107502,22,17,9,9,3
Laura Smith,92929,11,20,5,10,8
Anna Williams,117119,19,10,10,14,3
David Brown,56202,18,14,11,9,5
Alex Davis,119411,24,19,12,11,7
Sarah Miller,117954,14,12,9,11,5
David Jones,72068,12,10,12,11,4
Michael Williams,59524,17,11,11,13,7
Laura Wilson,108476,10,17,12,8,6
Alex Wilson,91917,25,12,7,10,6
Michael Brown,114785,21,10,9,13,7
Alex Davis,100021,22,15,5,11,6
Chris Jones,87862,13,13,14,14,3
Laura Davis,116512,22,19,11,13,7
Jane Miller,104691,23,20,8,11,4
David Jones,108390,24,19,6,10,3
Jane Taylor,42966,11,14,7,8,8
Jane Jones,55152,22,11,13,10,7
Alex Williams,92775,21,15,15,12,5
Chris Jones,40753,14,10,13,12,8
David Smith,42417,24,16,6,13,8
Emily Doe,42823,17,17,15,11,6
Sarah Wilson,65894,20,17,14,15,5
Laura Johnson,108056,21,11,5,13,3
Alex Taylor,98678,25,14,11,15,8
John Jones,41725,13,12,13,8,3
David Smith,107019,14,10,9,11,6
Jane Wilson,44262,18,16,7,10,3
Anna Jones,66251,11,13,5,14,7
John Williams,115548,10,19,7,11,4
Sarah Jones,55609,21,14,11,8,4
Alex Taylor,62559,19,16,10,12,3
Laura Brown,93158,21,18,9,13,4
Laura Smith,76953,14,13,9,14,8
David Johnson,93163,17,11,7,10,6
Alex Johnson,49707,19,15,9,9,4
Jane Jones,114367,16,12,15,13,6
Chris Brown,88051,15,19,13,12,3
Alex Jones,48247,14,11,14,8,8
Alex Doe,85560,18,20,9,10,8
Laura Wilson,100193,14,14,12,15,3
Laura Miller,98292,25,15,14,14,3
Michael Wilson,79299,11,13,12,13,8
David Taylor,83214,21,17,9,12,7
Michael Smith,114340,17,12,10,10,8
Chris Johnson,71322,22,13,13,11,5
David Jones,109743,18,12,8,15,5
John Davis,40017,25,18,9,10,3
John Smith,42226,15,20,12,11,5
John Smith,44506,25,16,5,14,7
Laura Johnson,92505,25,20,7,11,4
John Wilson,65157,10,11,11,11,3
Chris Taylor,41211,13,18,11,13,3
Emily Wilson,93680,16,17,9,14,7
David Smith,106049,25,16,11,10,3
David Williams,108367,13,14,10,15,3
Anna Doe,71474,11,13,10,8,5
Jane Brown,85421,17,19,15,14,6
Chris Wilson,115366,12,16,7,9,6
Laura Jones,67335,15,16,7,10,6
Sarah Miller,87657,22,14,14,9,6
Chris Taylor,58611,15,20,15,11,7
David Smith,116312,10,15,11,15,5
John Miller,100683,13,11,14,11,5
Jane Jones,91582,15,19,13,13,7
John Smith,66411,12,11,5,15,6
Michael Taylor,63635,21,13,5,15,6
Laura Taylor,80806,14,20,10,12,8
Anna Doe,71539,12,10,15,14,6
David Wilson,117155,21,15,5,8,7
Sarah Williams,87401,17,19,7,15,6
John Davis,60062,21,12,5,14,5
Laura Smith,81675,16,20,14,14,7
Anna Doe,58890,19,19,11,10,6
Chris Smith,70009,18,20,10,12,3
Alex Davis,41068,20,10,5,8,8
David Johnson,51073,15,17,12,10,4
Laura Miller,85125,25,16,8,15,4
Jane Miller,118025,24,14,14,13,7
Sarah Doe,107148,24,16,14,12,7
Sarah Wilson,71720,11,13,8,8,6
Alex Taylor,86895,18,10,8,10,8
Sarah Miller,83569,19,20,11,14,8
Laura Davis,110497,19,17,5,15,3
John Taylor,67507,15,11,11,12,8
David Doe,64310,17,18,10,12,7
John Davis,94027,19,13,10,15,4
John Miller,40007,17,10,9,10,6
Alex Jones,92731,23,14,5,11,8
John Wilson,106776,13,16,5,8,6
John Johnson,109030,10,16,7,8,8
Anna Williams,75839,19,16,9,9,5
Anna Williams,60764,11,13,9,14,5
Emily Williams,92620,22,20,10,15,4
David Davis,84407,16,12,10,14,5
Anna Doe,119410,23,12,5,8,7
David Doe,77027,23,15,14,8,8
Jane Jones,117676,25,19,6,15,8
Sarah Wilson,67647,14,12,10,15,8
Emily Miller,50958,17,14,14,14,8
Michael Brown,51605,11,11,9,14,4
John Williams,45977,24,10,5,9,8
Michael Miller,41421,18,12,10,15,4
Chris Johnson,116750,24,15,12,14,8
David Davis,104588,25,19,8,11,3
Chris Brown,105393,25,14,9,8,5
Michael Brown,90734,10,14,6,13,3
Chris Williams,50621,18,16,9,14,3
Anna Brown,51020,13,11,12,8,6
Alex Brown,61378,15,16,7,10,8
Sarah Johnson,80661,20,14,12,12,5
Anna Taylor,99114,25,15,8,8,5
Jane Brown,48926,11,19,14,8,5
John Taylor,50484,20,17,14,12,4
Sarah Williams,66267,13,19,13,12,4
Laura Davis,94197,19,13,11,9,5
Anna Miller,117979,25,10,15,13,6
Alex Davis,106373,24,16,9,11,6
John Doe,117195,15,20,5,14,5
Emily Miller,113592,11,17,10,13,6
Michael Smith,83821,15,19,10,9,7
Alex Doe,102132,14,16,6,11,8
Jane Williams,58938,25,20,8,9,7
Laura Smith,95847,15,14,15,11,5
Anna Smith,109604,10,14,12,9,4
Chris Taylor,78517,25,14,13,8,6
Anna Williams,67859,13,14,12,10,4
Sarah Miller,118775,16,19,10,9,5
Emily Brown,117420,18,11,5,8,4
Laura Doe,111713,15,20,6,15,7
David Jones,69654,20,20,5,10,8
Anna Davis,44816,11,11,8,10,3
David Miller,41137,10,19,13,8,4
Anna Doe,44507,24,11,8,8,6
David Wilson,78000,12,20,10,14,7
Laura Johnson,58147,17,19,5,10,8
Sarah Smith,100873,19,10,10,11,4
Anna Smith,89497,25,20,11,12,8
Sarah Williams,67379,21,17,6,9,3
Michael Johnson,59386,11,11,10,9,4
David Davis,45713,18,18,9,15,8
Chris Miller,72313,18,18,6,8,4
Emily Wilson,56929,19,11,14,14,7
Alex Wilson,51809,19,13,11,8,4
Laura Johnson,45539,11,15,14,8,7
Jane Davis,83686,19,18,12,12,6
Michael Smith,63782,22,16,10,10,6
Alex Davis,119870,21,10,7,11,5
Alex Johnson,117615,16,12,14,10,8
Emily Wilson,49285,10,16,6,11,3
Sarah Smith,83537,10,12,7,9,8
David Davis,78154,25,11,14,12,6
David Jones,47802,20,20,7,9,7
Alex Jones,95433,23,10,7,13,8
Sarah Smith,58175,18,10,6,14,8
John Taylor,65269,12,14,5,8,7
David Williams,93137,10,16,5,10,3
Laura Taylor,114846,11,15,14,10,6
John Miller,87193,25,13,5,10,7
John Johnson,41983,15,16,14,15,8
Anna Williams,119442,21,13,9,8,3
Alex Smith,110536,11,18,9,13,4
John Doe,56601,21,14,13,12,7
Michael Johnson,89312,18,15,5,10,8
John Johnson,92883,10,17,9,8,5
Alex Williams,53543,16,18,12,8,5
Sarah Jones,60722,11,18,15,14,8
Jane Wilson,61147,22,11,15,11,4
Jane Smith,69148,14,15,6,13,7
John Brown,64176,22,13,14,10,5
Sarah Williams,44127,19,13,10,8,7
John Doe,87591,24,11,8,13,7
Anna Williams,92525,21,19,14,15,5
John Johnson,89252,11,13,12,11,3
John Brown,55473,10,14,9,14,7
Alex Davis,74012,13,11,7,9,5
Sarah Miller,74942,25,17,11,11,3
Laura Wilson,54205,21,19,13,14,5
Michael Williams,55080,10,11,7,9,3
Emily Smith,55539,22,20,5,9,6
Michael Brown,72019,15,10,8,10,4
Sarah Davis,103897,19,14,11,13,6
John Smith,47613,16,17,12,14,5
John Davis,47535,11,10,7,9,4
David Brown,47832,16,19,5,13,5
Sarah Doe,67866,16,19,7,14,7
Anna Jones,78120,17,10,8,13,8
Sarah Doe,86940,25,14,7,13,6
Chris Brown,108067,10,13,7,12,8
David Miller,69984,23,10,10,15,5
Anna Johnson,85221,24,12,14,10,6
Michael Brown,104420,19,12,9,8,6
Michael Smith,100922,22,10,15,15,3
Jane Williams,98527,25,17,5,9,8
Alex Davis,69915,13,13,10,9,3
Michael Taylor,106901,24,15,8,13,4
Chris Johnson,56489,13,14,8,9,5
Michael Johnson,70495,12,10,12,15,5
Emily Davis,79999,13,16,15,14,6
Michael Brown,67634,17,19,7,14,8
David Doe,77116,21,10,9,14,4
David Wilson,94553,17,12,14,14,3
Sarah Taylor,111053,16,19,13,15,4
Sarah Miller,89144,18,10,15,8,3
Alex Doe,78542,17,20,15,11,5
Jane Williams,53966,20,13,13,12,3
Chris Williams,60140,18,20,13,14,7
Alex Johnson,105966,22,11,11,9,4
Sarah Doe,83326,25,17,7,13,5
Jane Johnson,64686,22,12,12,9,5
Jane Smith,97073,20,14,11,10,7
Sarah Doe,99227,16,16,13,13,6
Michael Brown,94750,17,15,15,9,7
Michael Taylor,114461,15,14,15,10,3
Jane Brown,83564,10,14,7,8,4
Chris Brown,59392,23,15,12,10,8
Emily Johnson,58927,12,12,13,12,8
Jane Smith,90445,15,13,6,12,8
Michael Miller,108421,19,19,15,9,6
David Jones,84244,11,19,5,12,3
Jane Jones,115976,12,17,13,14,4
Anna Miller,54713,24,20,14,9,5
David Jones,63559,11,10,5,15,6
Anna Davis,45610,23,19,7,15,4
Laura Davis,80964,13,14,14,15,3
Laura Miller,59735,23,20,10,8,5
Jane Johnson,105934,10,11,6,10,8
Michael Brown,98301,11,11,7,9,6
Emily Williams,112216,12,14,7,9,8
Alex Taylor,66383,14,14,6,8,4
Michael Johnson,98721,10,17,11,9,7
Emily Doe,50418,21,11,11,10,8
Michael Smith,104216,25,10,13,8,5
Chris Wilson,43604,17,15,11,9,5
Chris Johnson,99859,19,18,9,13,8
Sarah Davis,68237,14,19,9,12,6
Alex Davis,55285,15,13,8,10,4
Laura Jones,57108,17,19,10,11,7
Chris Smith,76724,19,13,5,12,7
Emily Taylor,76264,11,14,15,14,6
Michael Miller,82159,15,14,9,14,8
Anna Miller,49486,13,11,6,15,5
John Doe,59240,12,20,7,11,7
Michael Brown,86322,15,11,13,12,6
Laura Jones,92224,21,20,14,13,4
Michael Smith,90616,22,20,7,14,7
Michael Smith,111333,17,13,11,10,6
Anna Davis,80125,11,18,15,14,3
Chris Brown,56848,22,18,15,8,8
Jane Miller,83651,23,15,14,12,3
Chris Taylor,42393,11,13,10,11,8
Jane Miller,70772,24,19,7,13,4
Laura Williams,72538,10,19,9,10,7
Anna Davis,114014,15,14,10,15,7
Alex Wilson,72657,24,13,10,14,4
John Doe,48438,10,14,9,11,6
Emily Miller,42935,12,18,9,9,7
Jane Davis,76121,16,17,12,9,3
Emily Jones,65369,18,14,7,12,3
Alex Williams,54089,19,13,9,15,4
Chris Smith,44434,15,20,11,12,5
Laura Davis,41597,24,14,8,13,7
Anna Taylor,47206,12,13,11,15,3
Emily Wilson,54633,23,12,11,9,7
Alex Doe,88935,12,10,14,12,3
Alex Wilson,86343,22,18,13,8,5
Anna Doe,56500,10,12,8,12,6
Chris Williams,64335,12,18,8,13,7
Emily Doe,51954,25,19,13,10,5
Alex Wilson,107954,20,18,10,9,4
Emily Wilson,98330,21,18,5,11,7
John Doe,72189,17,19,15,10,7
John Doe,89614,11,14,11,15,5
David Johnson,115374,19,15,10,12,5
Michael Johnson,66208,23,12,6,14,3
Anna Davis,91417,23,13,12,8,8
Jane Miller,101857,25,14,14,12,3
Michael Johnson,60969,24,14,11,8,8
Laura Johnson,116148,23,19,15,15,3
Emily Brown,94820,14,16,6,10,5
Emily Williams,82483,10,18,14,15,8
Jane Davis,100924,23,14,9,12,3
Anna Davis,89701,17,13,5,12,8
Jane Taylor,119506,13,17,5,11,6
John Brown,92537,22,20,11,15,4
Anna Brown,83186,21,18,10,9,4
Jane Wilson,83625,22,11,7,13,7
David Doe,103641,22,12,7,12,3
Anna Brown,61327,11,20,14,13,3
John Taylor,62883,23,10,15,8,4
John Brown,55588,24,18,15,12,7
Anna Doe,115282,14,20,9,11,7
Jane Taylor,84721,23,12,7,15,7
Alex Williams,78786,13,17,9,12,5
Emily Wilson,64877,15,13,9,14,5
Jane Jones,59412,24,12,5,9,6
Jane Miller,92337,12,14,13,12,6
Anna Brown,72618,11,18,7,12,4
David Davis,94842,13,11,8,8,7
Michael Johnson,46301,18,10,11,10,8
Michael Davis,116414,22,15,15,14,7
John Smith,91598,17,14,5,8,8
Jane Brown,72290,15,16,8,11,5
Anna Wilson,47214,15,19,14,9,6
Alex Taylor,85467,20,18,7,14,3
Anna Doe,46428,20,11,14,11,4
Anna Williams,53984,16,18,11,14,6
Alex Taylor,118533,15,14,7,8,3
Sarah Williams,94646,19,11,11,9,8
Jane Davis,72365,10,18,7,11,4
Sarah Jones,90187,15,13,9,12,7
John Johnson,52508,11,11,8,13,7
Laura Wilson,62600,24,16,7,15,4
Alex Davis,115599,16,14,6,8,7
John Wilson,46732,21,18,8,10,4
Alex Smith,66426,12,19,13,8,6
Jane Wilson,42878,16,14,15,9,8
David Wilson,101081,21,20,6,13,5
John Jones,104560,17,12,10,15,4
Laura Smith,95821,25,12,11,8,7
Anna Davis,74032,25,19,12,15,5
Michael Davis,86502,19,20,15,10,8
Anna Miller,109495,23,16,12,14,4
Sarah Wilson,76780,25,12,5,12,4
David Doe,59776,11,12,12,10,5
Michael Taylor,103235,13,20,6,8,8
Michael Miller,45006,21,19,12,8,7
Emily Davis,102307,23,14,6,10,3
Michael Wilson,99739,17,18,7,9,3
Anna Johnson,50193,22,16,15,9,7
Laura Davis,91499,14,13,13,13,8
Anna Wilson,98626,13,19,9,11,4
Laura Taylor,106760,10,19,12,14,8
Emily Davis,115818,20,18,6,11,3
Chris Davis,85128,13,16,6,15,6
David Williams,50087,25,17,7,8,7
Michael Miller,108058,14,10,12,15,6
Sarah Davis,69555,20,10,11,11,5
Chris Brown,67195,18,16,15,13,3
Alex Miller,101428,25,17,9,15,3
Anna Williams,100576,19,13,5,14,6
Sarah Jones,48361,17,12,5,9,6
Sarah Doe,105798,13,16,11,9,8
Chris Williams,75886,12,14,8,9,5
Chris Williams,118097,15,17,11,9,7
Alex Taylor,60701,12,17,12,15,8
Jane Smith,92094,16,15,8,12,8
Jane Williams,51596,20,11,12,10,4
Anna Brown,59630,25,14,14,8,8
Laura Smith,71272,15,19,10,15,3
Anna Smith,65711,13,18,8,8,5
Laura Williams,99136,20,13,10,15,8
Sarah Williams,107738,21,18,7,8,3
Sarah Jones,113307,14,11,6,15,7
Michael Brown,93514,10,17,11,14,8
Jane Doe,106475,25,10,9,11,5
Alex Miller,118413,12,11,11,14,6
Jane Wilson,51358,12,14,9,13,5
Sarah Davis,109839,16,13,12,12,3
Anna Smith,60685,12,11,6,11,8
John Davis,81263,20,14,14,13,4
Emily Smith,88446,18,11,14,15,3
Laura Brown,93439,23,10,5,12,6
Sarah Miller,42801,12,14,8,12,8
Laura Davis,94757,25,12,7,12,7
Michael Taylor,87420,13,15,5,8,3
John Williams,112914,22,20,8,9,6
Jane Taylor,102178,12,17,15,12,6
Alex Williams,104833,25,19,9,9,5
Laura Brown,78035,17,11,13,10,8
Alex Taylor,58535,16,13,15,8,4
Chris Miller,104793,11,20,5,13,3
Sarah Wilson,77768,11,13,8,13,5
David Williams,115343,20,17,14,11,7
John Taylor,97788,14,20,7,12,3
David Johnson,69049,10,18,15,10,8
Jane Davis,47290,25,20,11,9,4
Laura Davis,104451,20,20,12,14,3
Sarah Brown,116279,10,19,10,15,7
Alex Williams,78669,14,15,15,12,5
Laura Doe,95465,18,14,15,9,8
Michael Johnson,58310,10,20,11,10,4
Michael Brown,67359,12,15,12,15,6
John Jones,71897,17,11,14,14,7
Chris Wilson,46006,23,14,6,11,4
Alex Miller,79525,18,12,13,8,5
Michael Davis,101098,25,13,11,8,5
Jane Doe,115191,16,20,13,13,8
Jane Taylor,44158,21,15,5,12,5
Sarah Jones,112725,25,12,9,9,7
John Davis,112963,21,16,13,8,3
Chris Wilson,105990,16,13,8,11,8
John Johnson,104428,11,13,14,10,5
Jane Davis,91538,24,20,11,12,8
John Davis,92390,25,13,12,14,7
Emily Davis,112799,24,18,6,12,4
David Williams,81131,21,16,7,10,3
Jane Johnson,48719,25,18,10,8,3
Chris Johnson,68041,10,16,13,15,4
Alex Williams,91584,14,18,11,10,6
Emily Brown,48703,19,16,6,8,3
John Taylor,67439,22,18,15,11,6
Anna Johnson,65302,16,16,10,8,7
David Taylor,106747,13,17,9,15,8
Laura Miller,88549,22,19,6,10,3
Laura Williams,66208,16,19,5,15,4
Michael Wilson,114216,11,11,11,8,4
Emily Miller,84974,16,16,8,8,6
Anna Johnson,70351,21,19,12,12,3
Chris Wilson,58116,23,12,11,11,5
Emily Williams,85929,18,11,9,10,6
David Brown,63931,13,19,9,11,5
Alex Davis,73554,13,12,13,11,7
Michael Miller,117642,22,17,13,11,8
Jane Johnson,61713,19,13,6,9,5
Chris Wilson,63653,16,15,12,10,3
Sarah Doe,49574,21,16,8,10,3
David Davis,43016,17,14,13,8,6
Michael Johnson,70975,18,15,11,10,4
Michael Doe,76076,11,17,10,13,7
David Doe,57906,23,18,5,8,8
Chris Johnson,99659,13,20,8,10,8
Michael Wilson,62143,23,14,5,12,8
David Taylor,86678,17,20,14,13,4
Jane Davis,86575,15,13,13,12,5
Chris Davis,101224,11,12,12,12,7
Jane Taylor,44460,13,12,8,14,5
Chris Wilson,47572,11,17,6,12,8
Chris Davis,97926,10,10,10,11,8
Anna Williams,93736,13,12,8,8,6
David Jones,99637,25,18,14,12,6
Anna Doe,87341,24,20,6,11,6
Laura Wilson,62644,11,19,12,11,8
Emily Johnson,49285,23,19,13,14,8
Anna Taylor,84159,23,15,8,10,5
Emily Taylor,71582,15,16,10,15,6
Chris Miller,99477,23,19,13,10,7
Alex Davis,65591,16,12,7,15,4
Michael Davis,78720,15,15,11,14,6
Anna Brown,43941,21,15,6,8,4
Emily Williams,70477,12,12,13,15,8
Jane Miller,78129,25,16,15,12,4
Anna Jones,86983,21,15,9,13,7
Laura Doe,107985,12,16,5,13,5
Jane Smith,61065,17,15,5,14,3
Michael Jones,47556,24,16,6,10,8
John Taylor,47985,19,19,7,15,5
Emily Johnson,70214,19,19,5,13,4
John Jones,78937,22,18,8,14,3
Anna Smith,83516,16,15,15,8,8
John Miller,77770,15,15,13,10,5
Sarah Doe,89369,20,18,15,12,3
Michael Jones,109021,17,15,14,11,5
Alex Smith,72039,23,14,8,9,4
Jane Brown,111233,13,14,5,11,6
Jane Williams,103276,12,18,13,9,5
Michael Taylor,105075,21,16,12,12,3
Michael Wilson,119183,13,20,7,13,8
Anna Brown,97375,16,20,14,8,3
Laura Davis,91564,16,13,13,11,5
Jane Doe,116135,13,12,8,11,4
David Taylor,112739,11,12,7,12,7
Emily Wilson,68061,13,13,9,15,6
Alex Wilson,68992,15,18,8,9,6
David Smith,44284,17,13,9,9,8
Laura Davis,75405,16,14,13,13,6
Michael Doe,67045,15,19,7,13,3
Laura Wilson,81070,12,15,5,11,6
Alex Brown,117325,23,16,6,12,4
Emily Doe,110174,18,16,8,10,8
Chris Smith,41457,15,12,10,13,7
Laura Smith,70295,12,20,9,13,3
Michael Brown,43252,10,17,11,13,3
Alex Miller,95888,14,11,10,14,4
Jane Williams,61220,20,14,10,9,6
John Wilson,119038,25,12,9,8,8
John Doe,73401,13,17,13,15,5
Michael Jones,83289,10,14,6,15,3
Chris Miller,40583,10,11,13,12,4
Alex Miller,40280,11,17,7,13,4
Alex Jones,78170,20,17,15,9,3
Alex Jones,70485,10,20,11,12,6
Jane Miller,45939,21,12,14,13,3
Alex Johnson,78956,22,20,10,9,6
Jane Jones,82535,12,15,9,12,8
Sarah Doe,81583,18,19,15,13,7
Anna Wilson,65838,23,20,15,12,8
Emily Davis,103103,14,20,9,15,3
Sarah Doe,58010,16,12,13,10,3
Jane Taylor,86367,11,15,5,11,7
Chris Johnson,73372,17,11,10,12,5
Chris Doe,60394,23,14,15,13,8
Sarah Johnson,79108,18,11,9,14,3
David Johnson,95795,22,11,9,12,8
John Smith,61788,24,20,11,11,8
Laura Miller,94648,12,14,15,15,4
Alex Taylor,113337,22,19,10,15,8
Chris Doe,70461,11,16,5,10,4
Anna Taylor,111844,12,15,10,9,4
Anna Williams,77833,10,19,11,14,6
David Miller,60843,19,13,10,8,6
Chris Wilson,40615,14,13,5,14,7
Emily Miller,76420,14,13,13,8,5
Emily Davis,47877,14,19,8,11,8
Laura Miller,119511,12,11,9,10,8
Laura Davis,85948,14,14,12,9,4
Chris Miller,58435,10,17,9,13,5
John Taylor,106907,12,15,8,14,8
Laura Wilson,114424,23,18,5,14,8
Anna Smith,119930,12,10,5,14,7
Alex Miller,96251,22,11,8,12,6
Emily Miller,41897,10,20,11,8,4
David Brown,72175,10,12,12,12,6
John Williams,43137,14,16,11,11,6
David Miller,64322,10,17,9,12,5
Chris Miller,97823,10,14,12,9,5
Jane Taylor,87670,13,17,12,14,8
Laura Smith,50979,12,18,14,8,7
Alex Miller,53063,15,10,15,15,3
Emily Miller,49659,25,19,6,14,6
Emily Davis,98504,10,11,7,8,8
David Jones,63999,17,11,11,8,7
Jane Williams,44825,14,12,13,9,5
Sarah Smith,115461,10,10,14,10,3
Chris Davis,113493,17,12,5,14,7
David Johnson,71183,25,20,14,10,7
David Wilson,77509,20,11,9,8,5
Emily Davis,47481,25,17,6,13,4
David Miller,46868,17,12,8,15,4
Emily Davis,62918,22,17,10,11,3
Michael Smith,95525,13,13,11,11,3
Sarah Williams,99323,23,19,7,13,4
Anna Johnson,118495,19,20,15,10,3
Laura Brown,79055,17,15,12,12,4
Laura Williams,102302,24,12,6,8,6
Emily Taylor,54101,25,15,12,10,5
David Taylor,79130,14,13,5,15,8
Jane Johnson,47703,21,17,6,13,4
David Jones,96465,25,16,5,9,8
Anna Doe,82894,25,12,8,12,5
Sarah Taylor,67151,11,18,7,11,6
Jane Davis,40814,17,16,10,12,8
Sarah Wilson,64476,15,15,7,12,8
Sarah Wilson,53262,10,13,13,9,5
John Johnson,116087,20,10,5,10,6
John Brown,64010,25,14,5,8,5
Alex Miller,49243,17,14,15,15,6
Alex Taylor,42312,23,15,14,13,7
Emily Doe,43293,17,20,8,14,7
Michael Miller,59679,24,19,13,14,7
Chris Jones,72302,17,11,9,13,5
Laura Jones,77488,18,18,12,12,7
Jane Miller,67528,24,13,9,11,4
Anna Johnson,63019,22,16,6,13,4
Emily Johnson,93373,23,18,8,15,3
Sarah Williams,119016,10,14,8,11,8
Alex Williams,83384,16,13,13,9,5
Chris Jones,89771,12,10,10,15,8
Jane Wilson,72418,20,13,10,10,6
David Miller,41927,13,13,11,15,4
Anna Smith,102319,18,16,13,10,3
Alex Miller,83737,10,20,11,10,5
John Doe,52080,16,11,11,14,7
Emily Doe,68032,23,16,6,10,5
David Wilson,112467,18,15,12,10,7
David Jones,98454,18,19,10,9,8
John Williams,53729,20,15,14,10,4
John Jones,83529,21,11,11,11,7
David Williams,93148,12,11,10,11,5
Jane Doe,101060,16,18,12,14,7
John Wilson,63420,16,19,10,15,7
Emily Taylor,104943,10,20,12,14,7
Chris Doe,69707,14,12,15,15,3
Jane Smith,89607,14,10,14,9,6
Michael Jones,53201,10,13,12,13,5
Michael Doe,49416,21,13,8,14,8
David Taylor,77568,19,19,13,8,5
Chris Miller,62200,19,15,12,8,8
Anna Smith,96943,15,20,12,13,7
John Miller,100217,19,15,15,11,8
Anna Davis,71560,19,10,15,9,8
Michael Jones,103253,17,16,6,12,4
Chris Davis,95053,12,11,12,15,3
Anna Smith,72431,18,14,5,11,7
Michael Taylor,98530,16,13,15,15,4
Sarah Johnson,104646,22,19,12,8,4
Emily Johnson,50547,11,19,7,14,6
Michael Jones,108262,15,12,13,8,4
Emily Wilson,67106,13,15,9,15,7
Sarah Miller,80308,17,16,10,14,8
Laura Johnson,40996,10,12,12,13,8
Michael Doe,92854,24,11,12,12,8
Laura Miller,68547,14,12,12,8,8
Sarah Williams,60040,15,18,15,15,7
Jane Davis,67907,23,16,8,13,3
Laura Smith,95469,20,10,14,11,3
Jane Johnson,79918,17,17,11,11,8
Michael Doe,96929,13,12,7,11,7
Jane Davis,93024,15,16,9,15,5
Laura Taylor,107069,12,18,9,13,4
Anna Jones,77037,16,16,7,8,8
Emily Brown,109253,19,14,7,12,7
Chris Jones,94032,14,14,11,8,8
Sarah Davis,51926,25,10,5,13,3
Chris Davis,93475,14,10,5,8,5
Laura Wilson,54012,12,19,5,15,6
David Taylor,69255,13,10,11,15,8
Emily Jones,89853,24,14,12,11,7
Anna Smith,51692,10,13,5,13,7
Laura Wilson,101182,10,20,5,9,6
Laura Smith,82570,19,14,9,12,4
Emily Jones,98904,16,12,14,15,7
Jane Jones,55176,12,11,6,15,4
David Jones,52589,14,19,10,11,6
David Davis,72422,14,12,9,15,4
Emily Davis,98775,18,18,8,12,8
Sarah Wilson,111214,16,20,5,8,5
Sarah Miller,91520,11,17,15,8,8
Anna Taylor,115343,18,17,8,15,6
Laura Doe,117051,18,18,6,14,7
Sarah Wilson,58411,13,15,5,10,6
Anna Johnson,101117,11,12,5,10,5
Jane Davis,111194,19,19,7,9,4
Emily Wilson,88782,10,19,13,8,6
John Smith,98184,15,20,7,10,4
Alex Smith,84834,22,18,14,15,3
Anna Wilson,104271,14,15,7,9,5
John Wilson,51035,19,18,11,13,7
Anna Miller,50496,15,13,10,13,6
Michael Brown,110796,20,19,12,10,4
Emily Jones,71182,14,18,12,10,7
Chris Johnson,108025,21,13,8,8,3
Alex Brown,74683,23,11,10,8,5
Emily Jones,112034,14,13,13,12,6
Chris Miller,93919,15,18,14,9,6
Alex Wilson,63782,19,19,5,14,8
David Brown,94297,23,16,9,12,4
Laura Brown,106562,17,18,5,15,3
David Brown,42090,12,13,14,11,3
Laura Wilson,94665,13,10,11,9,4
Chris Jones,47592,16,18,5,15,5
David Davis,105411,24,18,15,14,4
David Taylor,68527,14,18,13,10,3
Sarah Doe,49335,13,11,13,9,8
Michael Davis,95422,24,15,14,12,5
Anna Miller,101594,24,11,15,11,6
Michael Davis,53222,11,12,14,12,4
Alex Miller,110644,20,15,7,14,8
Laura Davis,118873,14,17,5,8,3
Chris Johnson,89978,12,14,8,15,3
John Davis,68589,15,20,8,10,8
Chris Johnson,93979,23,15,10,13,6
Alex Taylor,113888,22,15,5,8,6
David Doe,75843,18,10,14,13,5
David Smith,107930,19,10,12,8,3
Laura Smith,60820,10,13,12,14,4
John Brown,92584,20,16,7,9,4
Jane Doe,64892,18,16,10,8,4
John Davis,109561,20,16,13,15,6
Alex Wilson,71096,20,16,15,13,4
Sarah Miller,45279,18,18,5,11,7
Laura Taylor,95205,21,10,8,11,5
Laura Smith,88075,15,17,5,10,7
David Wilson,87197,22,15,9,14,6
Emily Williams,47731,10,18,10,14,8
Alex Doe,68016,18,15,10,15,8
Michael Taylor,72650,21,12,8,9,6
Chris Davis,65471,18,17,12,10,4
Jane Johnson,59654,20,11,8,11,4
Alex Taylor,52021,20,10,12,9,4
David Smith,89933,21,20,7,8,7
Emily Johnson,52634,23,20,8,11,6
John Taylor,64587,13,13,7,11,3
David Johnson,84234,10,10,9,15,3
John Davis,83264,19,20,8,10,6
Michael Williams,112202,22,18,7,15,6
Chris Miller,52933,14,16,6,9,5
Emily Taylor,76938,20,19,11,10,5
Laura Jones,59933,11,17,5,13,5
Michael Taylor,74971,21,12,12,15,3
David Brown,100702,15,15,13,14,4
Sarah Miller,97275,12,13,5,13,5
Alex Jones,113855,18,14,7,12,4
John Miller,51237,19,18,9,13,6
David Doe,119182,18,10,5,12,8
Emily Taylor,98679,18,12,13,8,3
Alex Johnson,95323,17,19,10,9,6
John Taylor,53259,18,16,7,10,8
Anna Johnson,65242,13,16,10,11,8
Alex Johnson,107411,23,13,11,12,5
Sarah Wilson,115438,15,14,10,12,4
David Smith,110098,17,10,15,9,3
Sarah Smith,118753,25,13,7,10,6
Michael Williams,112178,20,14,9,8,4
Laura Doe,62496,21,18,12,12,6
Chris Smith,57928,20,19,14,12,3
Anna Taylor,61181,24,11,14,11,5
Chris Williams,116078,23,19,13,9,7
Sarah Brown,69128,21,17,11,10,8
David Davis,99915,24,11,10,9,5
Anna Wilson,87265,17,14,15,15,6
Anna Johnson,72365,24,13,14,8,4
Jane Miller,114945,13,14,9,14,7
Jane Miller,58831,11,17,8,8,3
Anna Smith,46693,21,17,5,15,8
Alex Smith,116494,12,11,12,8,8
David Wilson,90859,22,16,9,12,7
David Miller,61963,20,18,7,12,7
David Wilson,76308,21,10,12,10,6
Laura Miller,42952,19,19,7,12,4
Anna Doe,46657,21,11,13,15,5
Michael Taylor,63151,15,16,7,13,6
Sarah Jones,59434,11,16,13,15,5
Anna Jones,90776,13,20,7,8,5
David Miller,66590,10,11,15,10,5
Alex Williams,93853,15,11,5,8,5
John Davis,52720,13,15,12,12,6
Anna Davis,100900,24,16,8,15,8
David Johnson,99023,23,13,5,8,4
Michael Taylor,95546,23,14,14,8,4
Alex Jones,51396,22,19,5,9,3
Jane Smith,66319,21,18,11,9,7
Jane Miller,80417,23,10,5,8,6
Laura Williams,117733,21,10,15,10,3
Anna Miller,95012,20,12,10,9,4
Chris Brown,107583,22,19,10,12,5
John Wilson,71895,21,14,8,14,8
Anna Smith,49680,18,10,9,8,8
Sarah Miller,54811,21,15,14,9,7
Laura Davis,85616,20,17,7,9,3
David Miller,90038,23,16,13,14,8
Sarah Johnson,88223,10,17,15,13,3
Emily Jones,59938,12,16,7,15,5
John Taylor,83701,20,18,6,12,7
Alex Jones,61298,14,20,8,11,5
David Taylor,76962,15,18,13,10,7
Sarah Brown,72165,13,13,8,13,7
Chris Davis,45751,20,16,9,14,7
Anna Smith,63133,10,16,9,13,8
David Brown,73548,14,12,13,10,5
Chris Smith,87572,16,16,12,8,8
Anna Jones,46155,10,20,5,9,4
Anna Doe,119781,16,14,9,13,3
Sarah Smith,49715,18,13,7,11,7
Laura Doe,88029,14,16,8,12,4
David Miller,96626,19,20,8,9,5
Sarah Johnson,55099,25,18,6,10,5
David Brown,59961,25,20,11,11,3
Sarah Williams,105267,23,20,13,10,8
David Smith,69473,13,14,9,15,8
Laura Smith,108925,14,18,6,12,3
Sarah Doe,87239,14,16,6,13,4
Anna Smith,76014,15,10,12,10,3
Jane Davis,81741,15,20,9,15,8
John Wilson,63290,20,14,6,10,4
Jane Jones,81203,20,12,11,9,3
Jane Miller,72077,22,10,9,9,4
Alex Brown,55397,22,14,12,10,3
Alex Williams,83982,19,16,8,12,6
Laura Jones,71589,18,17,7,9,3
Laura Taylor,85280,21,12,5,11,8
Michael Doe,72124,16,10,10,11,7
Jane Taylor,114304,18,16,5,12,3
Jane Miller,64535,18,16,10,15,7
Sarah Wilson,105757,15,19,13,15,6
Jane Doe,60618,17,16,7,13,7
Chris Jones,97322,14,15,14,15,6
Jane Wilson,60879,15,16,10,8,6
John Miller,72075,20,15,9,10,4
John Jones,76615,15,18,11,8,6
Laura Williams,105577,13,11,7,12,3
Sarah Davis,106697,15,11,13,11,5
Jane Taylor,76739,23,16,13,14,4
Laura Taylor,75508,23,13,14,15,4
David Brown,72774,21,17,11,9,4
Alex Miller,111832,25,19,9,11,3
Sarah Williams,103179,23,11,12,15,5
Emily Taylor,102226,25,17,14,12,6
Sarah Williams,40777,22,11,5,8,7
Sarah Wilson,103021,19,20,5,15,7
Michael Brown,80129,25,12,7,11,4
Michael Doe,85707,11,13,13,13,5
Michael Johnson,103136,19,10,14,14,5
Michael Johnson,74034,21,14,9,10,8
Jane Smith,80570,23,20,12,15,4
Alex Williams,65952,11,17,15,11,4
Chris Miller,87607,21,12,6,8,6
Laura Johnson,47012,18,16,6,10,7
Michael Smith,107827,14,12,13,12,3
John Johnson,92495,16,14,9,14,8
Emily Williams,92800,11,12,7,10,7
Alex Miller,52189,13,16,5,12,4
Alex Smith,115024,10,19,9,11,8
Jane Brown,44684,16,16,7,9,8
David Davis,105171,24,10,12,12,8
Emily Jones,71840,16,15,8,14,3
Jane Doe,77534,24,11,9,9,5
Anna Davis,83016,12,12,11,10,6
David Jones,59292,12,16,8,15,5
Jane Davis,52951,20,19,14,10,4
Alex Wilson,75248,21,11,15,14,4
Jane Taylor,102088,21,17,14,9,5
Alex Taylor,69524,10,19,8,13,8
Sarah Taylor,93200,25,19,7,8,5
David Wilson,65499,14,13,12,10,7
Emily Wilson,83730,10,16,5,15,8
Anna Miller,119971,20,17,8,10,8
John Williams,117229,17,16,13,13,3
David Smith,90683,14,12,7,15,3
Laura Doe,114369,25,16,14,15,6
Jane Johnson,105683,14,14,9,13,6
John Williams,100352,21,14,11,9,3
Emily Miller,77259,17,12,15,13,4
Jane Brown,82356,14,11,5,11,5
David Miller,95288,25,19,6,13,7
Sarah Miller,94897,23,17,11,12,5
John Smith,104302,20,20,11,14,4
David Taylor,71536,24,20,6,13,4
David Miller,102237,21,17,13,9,8
Jane Johnson,73689,20,14,7,13,7
Emily Brown,104436,22,16,15,10,8
Emily Johnson,109778,21,10,6,14,7
David Taylor,84854,17,15,15,12,5
John Smith,43301,17,19,12,13,3
John Doe,66797,22,15,10,9,6
Anna Miller,100750,20,14,7,12,5
Emily Davis,54481,23,20,12,11,8
David Taylor,50805,24,11,7,12,6
Alex Miller,97382,24,19,5,15,6
Laura Miller,93018,14,13,6,8,3
John Brown,99775,15,20,7,15,5
Emily Jones,116701,17,12,14,12,5
Chris Davis,40288,18,15,6,8,5
Jane Taylor,70513,14,12,11,14,8
John Williams,52004,16,20,8,14,5
Alex Williams,55173,14,12,15,12,5
Anna Miller,63407,19,20,8,9,7
John Taylor,50953,13,10,8,9,6
Anna Davis,99757,24,19,12,13,8
Jane Wilson,90920,14,11,8,12,6
Jane Smith,87712,11,13,7,13,6
Chris Smith,42754,15,10,7,15,5
Chris Williams,63251,16,16,6,8,3
Emily Jones,46558,19,13,14,11,7
David Wilson,59436,24,14,14,11,7
Emily Taylor,48979,12,14,8,13,3
Alex Johnson,48145,10,11,15,12,4
Sarah Doe,113029,14,14,8,8,8
Jane Smith,56846,16,19,15,12,4
Jane Davis,87017,24,17,14,9,5
Emily Miller,54097,13,19,5,9,7
Laura Taylor,118365,23,14,13,12,5
Laura Doe,107579,16,15,14,15,5
Alex Miller,87554,25,12,14,14,6
Michael Miller,58423,20,16,15,14,5
Michael Doe,80217,18,12,15,8,7
John Wilson,45250,16,13,9,8,8
Emily Miller,108604,22,10,12,13,5
Laura Miller,46324,10,14,12,12,3
Michael Doe,72314,13,14,10,14,6
Jane Doe,82667,10,10,8,13,7
Alex Williams,102847,24,20,15,10,7
Sarah Miller,73206,11,15,6,9,8
Laura Williams,70573,24,13,10,9,7
David Williams,83245,21,17,9,13,3
Michael Taylor,94401,21,10,9,8,7
John Wilson,45967,18,16,5,8,7
Laura Johnson,118967,16,16,8,11,4
Michael Johnson,93863,12,17,11,9,3
Jane Jones,69056,20,16,15,12,6
Anna Davis,80651,23,12,9,15,6
John Smith,45944,18,11,12,13,3
Emily Johnson,116016,12,16,8,8,8
Jane Wilson,106509,22,19,13,14,3
Chris Davis,84712,13,19,9,15,6
Emily Smith,79306,25,14,14,10,4
Emily Taylor,73401,19,20,10,12,5
David Williams,48405,14,20,12,15,6
Chris Taylor,90828,21,14,6,15,7
John Wilson,58419,17,18,9,8,5
John Miller,109963,21,13,6,10,4
Anna Davis,102990,10,17,12,15,6
Chris Davis,60903,21,13,9,13,8
Jane Smith,105321,19,19,11,8,3
Alex Doe,55487,11,19,7,11,5
Michael Jones,100304,10,19,11,15,8
Sarah Williams,115475,11,17,9,8,3
John Taylor,45039,19,17,13,12,5
Chris Doe,71293,15,14,15,14,4
Sarah Smith,51974,23,14,13,9,4
John Doe,55206,23,16,7,13,6
Laura Doe,43715,10,10,13,9,5
Jane Miller,111198,23,18,9,10,4
John Smith,86768,18,15,11,9,6
Sarah Doe,43480,19,20,14,12,8
Michael Johnson,101176,25,17,5,12,3
John Brown,59853,20,20,5,10,3
Jane Brown,94490,13,18,7,8,8
Chris Davis,76275,23,18,13,11,6
Alex Jones,70938,10,20,15,12,5
Alex Smith,81706,14,19,6,8,8
Sarah Taylor,107871,23,18,5,10,3
David Williams,74768,16,15,8,12,6
Sarah Williams,114980,23,14,9,13,3
Emily Miller,93622,18,13,7,9,8
Alex Williams,102789,25,20,12,10,4
Sarah Jones,55826,16,14,7,12,3
Laura Brown,94342,25,16,5,11,7
John Brown,63554,13,14,15,11,6
Emily Wilson,78717,14,12,10,12,7
Alex Wilson,63403,17,18,7,8,6
Jane Brown,53600,24,17,11,8,7
John Taylor,44116,19,19,13,15,8
David Jones,66520,21,10,8,10,5
Jane Davis,109898,15,10,10,12,5
Laura Doe,90785,18,20,15,10,7
Alex Smith,61935,13,18,6,15,8
Jane Miller,80205,15,17,10,13,8
Jane Taylor,108510,22,13,12,12,7
John Brown,78670,20,13,10,14,7
Anna Smith,90139,24,15,10,10,5
Anna Johnson,46492,10,16,13,15,8
Sarah Taylor,45667,17,15,11,11,4
Chris Wilson,47152,19,10,7,13,8
Sarah Doe,113908,17,11,9,11,5
Emily Williams,88162,12,11,9,12,3
Emily Miller,69421,10,11,15,12,3
David Jones,93158,21,15,13,15,6
Chris Jones,54936,24,11,12,8,5
Michael Jones,41688,20,10,6,8,8
John Wilson,111260,15,20,12,14,6
Michael Davis,44059,25,10,14,9,4
Alex Davis,91617,24,16,15,9,8
Sarah Johnson,81511,14,16,14,14,7
Chris Williams,117824,14,15,14,10,6
David Miller,49762,14,10,10,14,3
Emily Smith,105927,22,12,15,15,6
Alex Johnson,43865,24,11,12,14,3
Laura Brown,94648,21,14,15,8,8
