Name,BaseSalary,HRPercent,TRPercent,OtherPercent,PFPercent,ITPercent
Emily Williams,46849,10,14,11,11,4
Chris Smith,86580,16,18,10,12,4
Laura Jones,45788,14,12,8,13,7
Emily Williams,112395,12,12,6,11,6
Alex Jones,108052,21,11,9,14,5
Jane Davis,89037,12,14,11,12,7
Alex Doe,92261,17,13,6,11,7
Laura Wilson,65028,17,17,11,13,8
Anna Doe,96184,19,17,9,11,4
Laura Jones,89369,21,11,5,11,4
Chris Wilson,112882,10,14,5,15,8
Jane Taylor,99386,19,14,6,9,6
David Brown,61063,19,20,9,8,5
John Davis,88831,14,20,10,14,4
Alex Johnson,40831,16,15,7,12,8
Michael Davis,98986,18,12,12,11,6
John Johnson,104509,18,10,15,14,4
Emily Davis,106253,25,20,12,8,6
Alex Doe,114884,22,19,7,14,5
Laura Johnson,49540,12,19,6,11,8
John Doe,117390,12,20,5,12,5
Chris Doe,114974,12,10,12,9,7
Laura Wilson,114147,15,19,9,8,4
Anna Wilson,43013,20,13,5,14,7
Laura Wilson,72753,25,20,10,10,8
Emily Johnson,54777,23,19,11,9,5
Chris Smith,59871,12,20,6,9,6
John Davis,113441,12,13,10,14,6
Alex Brown,42646,17,14,5,14,7
Anna Smith,101484,22,20,15,15,8
David Williams,68138,12,17,6,10,4
Sarah Smith,113280,23,13,9,10,3
Anna Brown,88589,21,16,7,14,6
Michael Williams,68435,19,20,11,10,8
Emily Smith,108997,16,18,15,10,6
Sarah Davis,45158,15,14,9,13,3
Jane Brown,112817,25,11,12,15,4
John Johnson,89532,22,16,8,13,7
Anna Miller,40862,16,18,9,10,4
Sarah Taylor,99617,15,19,5,12,6
Emily Smith,103504,13,11,6,11,3
Emily Davis,69164,12,12,12,14,7
John Wilson,84535,14,13,5,14,3
Michael Wilson,100429,10,10,10,11,8
Chris Wilson,84855,11,16,9,9,3
Michael Brown,99837,23,16,11,15,8
Jane Williams,78847,16,15,7,14,5
David Johnson,44722,10,13,7,13,8
David Smith,60624,14,10,8,8,5
Alex Taylor,79477,24,12,11,9,3
Anna Brown,112530,12,15,8,15,4
Emily Wilson,71129,24,15,5,13,5
John Doe,97023,15,11,15,10,3
Jane Miller,99318,25,16,9,12,7
Laura Williams,73077,25,15,10,11,5
Chris Smith,42471,21,17,10,15,7
Sarah Doe,48522,22,12,9,14,5
David Taylor,87152,23,17,12,14,8
Alex Miller,63086,16,18,13,11,3
Chris Williams,53666,22,19,13,15,5
Michael Brown,56340,14,12,11,8,4
Jane Davis,96854,10,20,8,14,8
Jane Miller,87741,12,10,7,14,8
Sarah Brown,69156,17,11,8,13,5
Anna Wilson,104939,15,11,13,8,4
Laura Johnson,76636,13,17,9,8,5
Chris Miller,41082,25,17,8,13,7
Jane Williams,76578,11,11,11,14,3
Chris Smith,94232,11,13,15,14,8
Michael Williams,68566,21,14,13,13,8
Emily Brown,44358,25,20,5,14,4
Jane Miller,107637,18,20,15,9,7
Sarah Jones,46267,25,10,5,9,4
John Taylor,73779,25,15,7,12,3
Emily Wilson,57160,13,20,14,11,4
Sarah Davis,107588,20,17,6,13,8
Anna Williams,112125,17,14,8,13,5
Chris Taylor,55493,15,19,5,11,7
John Johnson,48020,23,11,6,12,6
Laura Miller,114381,17,18,8,14,3
Laura Miller,70468,23,16,7,9,6
David Wilson,56674,21,15,9,8,5
John Jones,48346,17,10,14,12,3
Chris Smith,43071,12,20,5,14,6
David Brown,74099,13,16,6,9,3
John Doe,58179,21,19,13,13,4
John Smith,54295,19,20,6,11,5
Jane Davis,69191,10,12,5,13,6
Laura Doe,53881,18,19,7,13,6
Sarah Smith,97621,11,14,8,10,4
John Doe,75161,10,19,5,15,3
Chris Miller,83447,10,14,6,11,6
Jane Taylor,103915,17,19,7,11,8
Anna Johnson,59451,18,12,7,13,4
Alex Jones,42893,18,11,7,8,6
Michael Doe,80377,24,10,11,15,4
Laura Davis,97906,16,16,8,11,3
Alex Johnson,117197,19,16,11,14,4
Laura Miller,107846,18,16,6,10,7
Sarah Williams,65610,23,16,5,9,6
Alex Brown,48734,14,20,10,10,4
Chris Johnson,89864,22,13,8,9,3
Michael Wilson,116733,14,14,5,9,3
Alex Taylor,40657,19,11,8,12,5
Alex Jones,67104,17,11,12,14,5
Laura Jones,114155,17,15,6,10,8
Sarah Smith,40630,16,13,7,14,5
Michael Doe,56354,13,17,6,13,3
David Brown,112854,18,19,12,9,3
Alex Davis,91619,24,19,9,10,5
David Miller,114386,13,18,7,10,3
Chris Smith,78372,24,13,7,10,7
Chris Wilson,107452,10,15,9,12,8
Laura Williams,91428,10,12,13,8,7
David Miller,41206,12,14,9,14,4
Laura Jones,88239,12,20,12,9,6
Anna Davis,50745,18,19,11,8,5
Chris Davis,64281,18,10,14,10,4
Anna Doe,100424,17,14,5,11,7
David Davis,105238,18,18,11,9,4
John Miller,74258,11,11,9,8,4
David Jones,72177,21,10,11,10,5
Anna Wilson,103323,12,13,13,13,6
Emily Davis,48426,18,12,12,10,3
Michael Wilson,55085,16,14,12,15,6
Emily Davis,55804,19,10,13,11,6
Sarah Jones,43672,15,18,13,8,8
John Davis,58747,12,13,15,10,6
Laura Taylor,49849,11,19,13,9,8
Laura Jones,111922,10,19,15,12,7
Emily Brown,49449,21,20,13,8,6
David Johnson,55476,13,15,7,9,3
Alex Davis,86358,18,14,8,14,6
Chris Williams,92019,16,10,14,11,4
Anna Doe,108607,15,15,8,9,6
Emily Johnson,67243,22,14,12,13,8
Anna Taylor,48874,22,20,15,11,7
Chris Johnson,119606,17,10,13,8,4
Chris Taylor,46225,14,14,9,15,7
Laura Johnson,96140,22,11,9,14,4
Jane Doe,45896,23,18,11,11,6
Michael Brown,96613,19,17,5,14,8
Chris Doe,47105,18,19,11,8,8
Anna Wilson,95112,15,11,6,8,5
Alex Brown,76595,23,17,5,10,5
Michael Brown,113036,18,20,6,10,5
Jane Doe,99038,19,12,5,13,5
Jane Wilson,41179,24,17,5,10,8
Laura Williams,102098,19,12,11,9,5
Emily Wilson,59944,11,10,10,13,7
Alex Doe,42066,10,11,12,13,4
Alex Smith,73014,18,16,11,12,7
Alex Smith,52561,10,14,15,14,8
John Miller,97410,22,16,12,9,4
Michael Brown,81776,22,19,6,13,6
David Jones,65212,17,13,11,11,5
Alex Smith,53779,19,20,12,15,3
Jane Williams,40584,16,19,10,8,7
Anna Davis,65789,24,20,14,14,3
Anna Brown,72297,14,12,13,11,6
Alex Doe,103386,11,13,8,13,5
Anna Johnson,40298,14,12,11,12,5
David Brown,44266,23,10,6,15,4
John Wilson,104998,10,12,13,10,6
Anna Taylor,66148,15,12,7,14,5
John Jones,115502,14,13,6,14,6
John Doe,119126,19,16,6,8,4
Laura Johnson,63954,22,17,12,10,8
John Wilson,60367,15,15,12,15,7
Chris Williams,104140,13,17,13,13,7
John Johnson,66636,16,11,6,13,8
Chris Wilson,64708,12,15,10,14,4
Emily Jones,105768,24,20,12,9,6
Emily Brown,68956,12,11,11,8,3
David Jones,90000,12,13,14,11,7
Sarah Smith,111301,24,19,14,12,6
Chris Davis,100552,10,15,5,12,7
Anna Doe,100384,14,16,10,10,5
David Jones,103841,10,12,7,13,8
Alex Smith,54652,11,11,6,15,3
Alex Brown,88132,25,10,6,8,6
Michael Taylor,74307,16,20,15,12,3
Alex Jones,62742,11,15,10,8,3
Michael Doe,75299,23,12,8,14,7
Chris Doe,67358,12,14,5,12,5
Alex Davis,83215,12,10,14,9,3
Anna Williams,78251,12,13,10,13,3
Sarah Wilson,111568,17,15,14,10,8
Emily Brown,113440,25,13,14,13,3
Anna Jones,89697,22,15,10,9,5
Laura Johnson,85223,10,16,12,12,8
Emily Smith,81344,19,12,14,8,4
Anna Doe,73170,22,18,9,13,5
Jane Johnson,116857,14,17,15,8,5
John Brown,101909,17,20,15,13,8
Michael Smith,54243,21,16,15,15,4
John Davis,44333,24,14,15,13,6
Chris Jones,68329,21,18,9,11,7
Sarah Johnson,41859,20,11,15,11,6
Chris Taylor,49177,19,15,9,10,4
Jane Davis,117805,19,20,13,9,3
Chris Williams,93556,19,11,13,8,4
Jane Brown,51251,17,15,15,14,8
Chris Johnson,99778,21,15,15,9,6
Anna Smith,106764,13,10,15,14,6
Chris Smith,52215,14,13,9,14,8
Alex Williams,75615,23,19,14,9,8
Anna Miller,50798,12,13,9,11,4
Laura Wilson,106507,18,16,10,10,8
Jane Brown,88634,21,16,6,11,5
John Miller,95221,25,16,14,14,5
Chris Doe,97339,15,19,15,12,4
Chris Brown,73014,17,10,10,10,8
Michael Doe,84519,24,20,12,11,5
John Doe,40340,18,19,12,11,3
Alex Brown,100906,18,12,15,15,7
Michael Davis,105576,16,15,8,12,4
Michael Brown,40820,17,12,6,10,6
David Davis,67368,24,18,13,13,8
Jane Smith,84024,18,17,8,11,5
Alex Miller,108756,24,17,12,8,3
Laura Wilson,101418,21,19,10,9,6
Sarah Johnson,80000,18,16,14,14,8
Michael Jones,85474,21,10,9,13,7
Chris Smith,102949,21,20,9,11,6
Anna Brown,59765,23,16,12,13,5
Emily Wilson,80952,10,14,8,11,3
Sarah Williams,56244,22,16,13,12,4
Emily Miller,108790,12,19,5,11,3
Sarah Davis,102931,25,15,14,14,3
Michael Taylor,92136,15,16,9,9,8
Sarah Jones,94507,13,11,10,8,8
Michael Smith,47006,15,17,11,14,3
Jane Williams,62213,21,13,12,11,3
Laura Taylor,93829,11,11,6,14,4
Emily Smith,77059,13,16,15,15,5
Sarah Smith,66070,18,18,11,9,6
Chris Wilson,93364,11,16,7,13,6
Chris Taylor,72617,16,19,14,13,6
Chris Miller,68286,13,15,9,13,4
Anna Brown,88999,20,20,6,15,7
Laura Smith,57482,10,16,7,8,4
Michael Taylor,46422,25,14,14,9,8
David Doe,109414,25,17,6,10,7
Chris Jones,44861,11,12,14,13,8
Jane Doe,93405,24,10,13,10,3
Chris Johnson,70105,25,20,9,12,7
John Miller,88124,10,19,12,8,6
Jane Brown,62166,21,17,12,11,7
John Johnson,72905,21,11,14,8,8
Anna Johnson,116332,25,15,12,12,5
Chris Smith,110720,11,17,5,8,7
Chris Wilson,42125,12,14,7,13,4
John Smith,90062,21,19,13,14,4
Anna Brown,69694,10,20,13,8,3
John Smith,40764,22,13,6,10,5
Laura Davis,57457,22,16,13,11,8
Laura Davis,89158,13,11,7,10,3
Sarah Wilson,41525,18,15,10,8,4
Laura Miller,53434,25,19,9,8,7
Sarah Smith,113684,16,19,13,14,6
Michael Jones,48678,11,18,6,8,7
Jane Brown,96934,13,20,13,15,8
David Williams,83739,17,19,5,12,7
Alex Williams,118848,12,10,7,11,7
John Miller,94126,15,15,15,11,8
David Jones,63701,19,20,14,13,4
John Wilson,76543,23,19,14,8,8
Alex Jones,79239,25,16,7,15,4
David Williams,108043,23,10,15,13,5
Michael Jones,100218,19,20,9,8,3
Chris Brown,94255,17,11,10,13,5
Chris Doe,84460,12,10,5,14,4
Chris Brown,56518,10,10,11,14,6
Laura Davis,46267,23,11,11,9,4
Chris Smith,81348,10,15,12,11,3
Emily Davis,88986,12,12,10,15,3
Alex Davis,45509,25,19,6,10,6
Jane Miller,67648,16,20,5,15,6
Sarah Johnson,72468,17,13,6,15,5
Anna Doe,83976,25,15,10,14,7
Laura Davis,49887,18,11,13,9,5
Alex Davis,114565,18,18,8,13,3
Anna Williams,40846,22,14,12,10,5
Chris Brown,54623,21,10,5,14,4
Jane Miller,71287,12,14,7,13,8
Laura Smith,83875,22,19,5,10,4
John Jones,100384,10,20,13,9,3
Anna Doe,103935,23,14,14,13,7
Alex Jones,70399,18,18,13,13,6
David Johnson,112408,19,10,5,15,6
Emily Miller,63085,19,14,12,10,4
Anna Smith,102988,18,16,7,9,6
Jane Miller,40092,12,13,5,12,7
Laura Taylor,40337,18,17,15,12,4
John Brown,99782,24,10,6,12,4
David Miller,104102,19,17,6,13,3
Alex Jones,91871,19,18,10,11,8
Sarah Miller,86653,18,19,11,8,7
Chris Taylor,104026,13,11,6,14,6
Laura Davis,60203,18,17,14,15,8
Laura Taylor,98293,22,14,10,11,5
John Doe,42003,15,12,14,9,5
Anna Wilson,99535,19,18,10,9,3
Michael Smith,58511,19,11,6,10,8
Laura Wilson,41591,22,11,7,14,8
John Doe,99744,25,10,11,12,8
Alex Taylor,51186,21,18,6,15,6
Laura Johnson,110540,14,15,14,15,3
Alex Brown,41282,24,11,15,14,5
Chris Johnson,56099,15,20,8,8,6
Anna Smith,70360,24,11,7,13,5
Chris Doe,79717,22,17,6,9,8
Alex Williams,115416,11,20,7,9,3
Michael Davis,106801,25,10,11,14,8
Jane Wilson,66142,10,10,13,11,8
Laura Davis,79325,21,16,6,14,6
Emily Taylor,42865,21,16,10,12,3
David Doe,102304,12,16,7,9,5
John Davis,108654,21,18,14,9,4
John Doe,68229,21,17,12,11,7
Sarah Brown,82112,19,16,12,9,4
David Jones,63932,22,12,6,12,8
Chris Williams,71320,16,11,7,9,5
Anna Smith,60472,24,16,12,11,3
Jane Miller,79654,22,17,5,13,6
David Taylor,41063,15,17,9,14,6
Sarah Smith,92670,21,19,6,10,3
Alex Wilson,62917,14,18,7,9,5
Chris Williams,47575,23,12,14,8,4
Laura Doe,117569,19,11,11,15,3
David Smith,85643,14,19,9,14,6
Laura Johnson,80602,21,19,14,8,8
Anna Wilson,105816,17,14,9,11,4
John Williams,48629,11,18,6,11,4
Jane Jones,84961,10,14,7,9,8
Michael Smith,114370,25,15,12,14,4
David Brown,83588,11,11,7,11,8
Laura Doe,112152,13,17,14,12,4
Michael Taylor,104263,19,18,5,15,5
David Taylor,84818,19,18,10,11,4
Anna Johnson,56014,15,16,15,10,3
Sarah Miller,73533,25,10,5,12,8
David Jones,118614,22,10,12,13,8
David Johnson,89040,25,18,14,8,3
Michael Taylor,95871,14,15,13,13,3
Sarah Doe,110469,19,16,14,12,3
Anna Davis,95876,12,11,10,9,5
Jane Wilson,115015,25,18,10,13,5
Anna Miller,54082,22,10,5,10,3
Emily Smith,113712,11,17,10,9,8
David Jones,44470,19,17,8,8,5
Chris Williams,105186,16,17,7,15,4
David Taylor,117977,24,15,9,8,5
Alex Smith,115380,15,15,12,12,4
Alex Williams,67029,10,12,6,13,8
David Johnson,78267,16,15,7,13,3
Alex Taylor,59538,24,17,11,11,3
John Wilson,105204,15,19,15,12,5
Michael Taylor,95175,18,20,11,10,7
David Smith,111879,22,13,8,13,7
Chris Wilson,107646,10,14,8,8,5
Alex Smith,98910,25,12,12,10,7
John Davis,112873,17,20,14,11,6
Laura Davis,88926,15,12,10,12,3
Michael Wilson,68170,11,15,9,13,6
Michael Davis,110141,20,19,11,13,6
Emily Johnson,92051,15,10,6,13,6
Laura Johnson,79326,17,17,14,8,4
Sarah Miller,115940,12,17,9,11,6
David Williams,90170,23,20,10,12,5
Alex Doe,109922,15,12,14,15,8
John Taylor,84160,12,14,15,10,5
Anna Davis,40663,21,18,15,14,4
Alex Doe,119978,18,19,14,11,4
Sarah Williams,47645,17,18,12,15,6
David Johnson,98547,13,20,9,10,7
Sarah Johnson,53479,24,17,15,11,4
Chris Miller,104775,25,19,5,8,8
Laura Smith,63271,12,15,10,10,5
Emily Brown,76989,25,17,8,8,7
Chris Jones,57580,18,17,9,15,7
Chris Jones,72300,20,12,12,9,8
John Doe,66019,21,18,5,13,5
Jane Miller,87756,16,11,13,9,8
David Doe,65602,14,19,14,14,5
Jane Brown,97360,16,17,8,13,4
Sarah Johnson,69126,14,18,8,10,4
Jane Wilson,61126,13,16,14,14,7
Emily Taylor,111447,15,11,15,15,4
John Doe,69695,23,14,11,10,7
Jane Brown,98135,25,10,8,9,3
Sarah Brown,50500,20,15,15,13,3
Sarah Wilson,108673,23,15,7,8,7
Emily Brown,99552,22,12,9,11,3
Anna Doe,58350,25,20,9,10,3
Jane Miller,53990,15,14,14,9,8
Alex Miller,49744,12,12,12,13,3
Michael Taylor,68275,10,11,6,10,4
Alex Johnson,85833,11,18,11,13,7
David Davis,113053,17,14,11,14,5
Chris Williams,115826,21,18,11,11,3
Laura Jones,74040,24,11,14,9,7
David Brown,86106,21,17,13,15,5
Chris Miller,101291,18,16,8,10,3
John Taylor,110002,17,14,6,14,6
Chris Smith,96204,23,20,11,15,7
Anna Taylor,52569,17,18,10,11,6
John Taylor,116622,13,19,13,11,3
Laura Wilson,43163,16,17,11,11,8
Alex Doe,106515,13,10,12,11,4
Chris Johnson,48919,15,18,8,11,4
Emily Taylor,79372,25,17,12,11,5
John Miller,89489,19,10,5,10,4
Anna Johnson,69155,22,10,12,8,6
Sarah Johnson,104319,23,20,7,10,8
Michael Brown,106316,24,20,11,10,8
Alex Davis,93901,13,15,14,10,4
Laura Johnson,50701,15,17,15,13,5
Sarah Wilson,109149,14,13,10,13,3
Sarah Taylor,72835,15,10,7,9,5
David Miller,84051,15,18,5,14,5
Emily Johnson,106043,21,15,5,12,4
Chris Williams,70722,17,11,13,9,6
John Williams,56745,10,18,14,15,4
Michael Brown,42824,12,14,10,15,6
Alex Williams,96249,19,18,10,11,7
Alex Williams,92447,10,16,12,10,3
Laura Johnson,52670,19,14,9,12,7
John Miller,58143,13,20,10,10,5
Michael Miller,56041,17,13,9,8,5
Emily Taylor,111442,11,18,11,11,4
Laura Williams,116908,22,17,14,14,5
Laura Smith,73309,17,10,7,13,8
Jane Taylor,45095,23,19,7,13,8
Chris Doe,40300,16,12,9,15,6
Alex Wilson,101694,21,10,7,13,7
Chris Smith,103304,10,12,9,12,4
John Wilson,97949,17,19,14,8,7
Emily Johnson,74924,18,16,8,9,4
Anna Wilson,115040,17,14,14,12,3
Alex Williams,101922,25,14,13,11,7
Anna Williams,53245,13,13,13,9,7
Emily Smith,99165,18,14,7,14,3
Michael Miller,99208,19,11,8,8,5
David Jones,49837,13,18,14,11,7
Emily Jones,95132,24,20,6,9,4
Alex Doe,47104,20,13,9,10,3
Michael Wilson,119689,14,10,11,8,8
Alex Taylor,92662,19,16,12,12,4
Laura Taylor,105443,16,16,14,14,5
Sarah Davis,71555,20,18,9,11,7
Laura Taylor,84810,16,20,9,13,8
Sarah Williams,95900,23,12,10,9,8
Laura Johnson,86215,18,20,11,9,5
Emily Williams,81596,16,15,12,8,6
Anna Johnson,75489,11,15,14,13,8
Jane Doe,80066,24,11,7,12,8
Emily Brown,63323,22,14,5,14,7
Sarah Smith,95819,25,10,6,14,4
Alex Smith,52760,21,17,12,8,8
David Taylor,42952,20,12,14,8,8
Emily Johnson,83373,18,10,7,15,7
Chris Miller,112998,17,13,14,11,4
Michael Williams,76564,12,10,12,15,6
Chris Taylor,64685,22,15,10,11,7
Anna Taylor,56102,17,19,8,15,6
Sarah Williams,82240,20,12,8,8,4
Chris Miller,115148,20,20,11,9,5
Anna Miller,105229,12,12,13,14,5
Jane Jones,104775,21,13,7,15,8
Laura Smith,79950,25,19,15,13,7
David Taylor,83618,22,15,14,9,4
Sarah Wilson,58994,18,11,6,13,4
Jane Jones,103601,12,13,15,9,5
Michael Williams,54549,16,12,10,9,7
Laura Brown,55761,21,11,10,8,7
Michael Johnson,94874,16,10,6,9,3
Michael Jones,106308,22,14,10,11,6
David Miller,100434,17,11,14,9,6
Sarah Jones,95711,14,18,13,11,3
Alex Williams,92940,16,18,12,10,7
Sarah Wilson,112082,12,17,10,10,6
Chris Doe,99638,12,13,15,13,3
Sarah Wilson,112484,18,13,9,8,7
Chris Miller,86197,15,17,6,11,6
Alex Smith,83436,15,14,8,11,4
Laura Wilson,108672,14,18,9,9,3
Alex Wilson,112428,25,19,14,13,7
David Doe,110335,19,10,6,15,6
John Smith,76585,13,18,14,12,7
Anna Brown,48250,10,17,5,15,6
David Taylor,40539,11,15,13,10,7
David Davis,110756,22,11,14,11,7
Jane Brown,55180,10,13,14,15,3
Alex Jones,54555,14,15,7,9,6
Laura Wilson,51138,20,18,13,9,8
Jane Taylor,71641,19,20,13,15,8
John Taylor,105030,15,10,8,14,8
Chris Brown,109503,13,19,9,12,7
David Brown,40085,11,11,7,14,7
Emily Wilson,50961,11,11,10,11,8
Anna Wilson,45166,19,20,12,15,4
Laura Doe,73178,23,10,8,10,8
Sarah Davis,104217,15,10,9,9,8
Jane Taylor,53730,13,10,11,10,4
Laura Taylor,77697,15,19,11,10,7
David Johnson,60774,16,11,8,8,7
Jane Doe,115016,12,11,12,9,4
Anna Johnson,58540,25,15,12,12,8
Emily Taylor,66068,16,15,7,13,3
Sarah Williams,81116,15,11,10,9,3
Chris Smith,89352,17,12,14,8,6
Chris Taylor,72165,11,12,14,12,5
Alex Brown,47343,18,19,14,10,8
Anna Davis,86108,22,17,13,8,3
Michael Miller,90387,12,16,5,11,7
Alex Jones,113596,21,17,13,8,8
Anna Brown,83322,17,20,12,11,4
Michael Smith,63273,12,14,13,9,5
John Johnson,66319,14,10,7,10,3
John Williams,55498,13,14,10,9,6
Jane Miller,99982,19,11,8,15,4
Anna Johnson,91079,24,13,15,11,7
Chris Brown,118018,12,13,12,14,7
Anna Johnson,60916,25,14,5,9,8
Sarah Wilson,81159,15,17,11,15,6
Sarah Jones,80113,25,10,12,12,7
David Brown,83783,15,11,11,14,6
Emily Williams,80527,12,10,7,9,4
Emily Taylor,111504,17,15,15,9,5
John Miller,118183,10,15,8,15,7
David Davis,92526,23,12,8,14,7
Chris Miller,70887,23,19,7,12,5
Michael Wilson,114997,12,13,9,8,7
Alex Doe,65115,20,14,9,8,7
Jane Jones,59132,11,20,6,10,3
David Miller,73150,22,13,10,13,6
Anna Johnson,40068,19,18,11,13,5
Alex Williams,68835,24,15,5,15,8
Alex Davis,61204,11,14,10,14,5
Michael Doe,115271,24,10,10,12,6
Laura Jones,93872,19,10,15,11,4
Alex Williams,106099,16,10,11,12,7
John Johnson,64024,21,15,15,13,3
John Davis,56857,20,11,6,13,5
Alex Smith,66395,15,14,7,15,6
Sarah Taylor,108341,10,19,6,12,5
Jane Williams,61915,17,13,5,15,5
Chris Miller,75499,12,14,7,8,5
Jane Jones,97221,13,17,14,9,4
Chris Smith,108530,11,11,12,13,3
Alex Taylor,74725,16,11,11,8,5
Chris Taylor,63005,18,12,7,12,5
Jane Miller,46132,14,10,10,11,7
Alex Miller,73101,16,12,14,13,8
Chris Smith,93969,19,16,12,10,5
Michael Williams,50742,20,15,13,12,4
Anna Johnson,106309,21,16,7,8,5
Sarah Wilson,96756,25,15,14,14,5
Chris Doe,98352,15,11,6,14,8
Chris Johnson,96568,18,19,13,8,4
David Johnson,66898,18,19,7,9,3
Michael Taylor,80641,10,20,9,14,4
Alex Brown,104778,19,18,9,11,3
Michael Davis,88967,16,11,6,11,7
David Jones,113880,25,18,9,12,8
Sarah Brown,65861,25,16,15,15,6
Emily Brown,76742,18,11,6,8,8
Sarah Johnson,88390,13,16,7,8,4
David Doe,48152,15,16,10,11,8
David Miller,63480,14,12,15,15,5
John Wilson,94102,19,17,6,12,8
Laura Taylor,74104,18,11,12,14,3
David Jones,69647,10,11,12,15,5
Michael Smith,53407,10,10,7,15,7
John Wilson,42960,10,13,15,9,6
David Davis,50162,24,16,12,8,5
Jane Smith,52464,17,19,9,11,6
Sarah Smith,57182,21,13,6,14,5
Emily Williams,118328,12,13,10,13,3
Sarah Wilson,97830,15,15,10,11,7
Laura Miller,94434,10,15,9,8,5
Jane Davis,40566,14,10,7,11,8
John Brown,79911,14,10,5,12,4
Sarah Davis,50295,25,18,12,8,7
Jane Miller,92457,19,12,10,11,7
Chris Smith,100043,24,10,13,15,3
Laura Williams,80658,25,13,11,12,5
David Williams,114007,20,20,14,12,5
Michael Johnson,71639,12,17,11,13,4
Anna Johnson,41191,20,12,6,15,7
Anna Davis,106498,13,20,13,13,6
Alex Davis,59377,21,10,11,12,4
Michael Davis,72290,11,17,7,10,5
Michael Johnson,46422,25,15,9,8,4
Laura Johnson,80149,18,17,14,13,8
Sarah Wilson,54662,14,19,14,12,6
Alex Williams,115660,15,17,12,13,8
Alex Johnson,51556,17,10,5,13,8
Sarah Brown,47386,17,11,6,12,8
Michael Johnson,88077,24,13,15,14,3
David Brown,87348,13,20,5,15,7
Chris Jones,109937,21,17,14,9,4
Sarah Wilson,62938,23,17,10,15,7
Alex Davis,59708,22,20,12,10,7
Alex Williams,111470,19,17,8,13,6
Michael Johnson,107206,21,19,14,11,4
Jane Wilson,60214,10,10,5,13,5
Jane Johnson,82613,12,14,5,12,5
Chris Jones,53891,20,14,8,10,4
Emily Brown,46473,17,15,15,8,3
Michael Jones,106097,12,16,11,9,4
David Jones,109421,18,15,8,12,6
Anna Brown,42702,14,18,5,10,5
Alex Wilson,104675,17,20,10,13,5
Michael Jones,89084,16,15,14,9,7
Laura Davis,55919,14,19,8,10,5
John Jones,74911,23,11,11,14,4
David Johnson,119307,25,14,6,15,7
Jane Miller,112351,14,18,5,12,6
Emily Smith,68131,23,18,11,8,5
Laura Wilson,59874,24,14,13,9,8
Michael Williams,117046,17,14,11,12,3
Sarah Taylor,40057,18,20,15,11,7
David Brown,76053,24,13,11,13,3
John Taylor,47497,19,20,7,9,5
John Wilson,61419,16,16,10,14,6
Emily Smith,40318,15,10,11,10,6
Alex Doe,114674,11,16,12,12,8
Sarah Taylor,76343,19,11,9,15,4
Emily Johnson,71996,17,19,14,9,8
Sarah Williams,73946,17,12,6,14,5
David Doe,114839,13,16,5,9,5
David Miller,106957,11,19,10,15,8
Jane Doe,64036,10,15,14,14,7
Chris Doe,96697,19,20,7,14,8
Laura Williams,94228,16,19,12,13,5
Sarah Brown,113233,11,20,10,10,7
Alex Smith,72086,23,18,14,13,7
Alex Jones,53599,19,12,11,14,6
Emily Taylor,77921,13,17,12,10,4
Laura Williams,119192,18,20,10,12,3
Emily Wilson,114300,17,11,13,15,7
Jane Davis,116886,20,18,10,9,8
Emily Miller,62427,14,14,10,12,6
Anna Wilson,85408,13,17,7,9,6
Anna Jones,67625,12,12,10,12,4
Michael Smith,109609,25,14,6,8,4
Sarah Brown,80530,19,12,10,11,6
Laura Johnson,65351,21,16,6,14,7
Anna Miller,40291,15,19,12,9,6
Anna Johnson,105083,25,14,10,14,4
Anna Miller,106965,14,14,12,8,4
Jane Miller,95857,25,11,6,15,7
Alex Davis,50446,12,10,8,11,4
Michael Miller,54345,23,13,6,8,3
Sarah Wilson,53259,17,18,6,15,5
John Smith,78792,21,10,5,14,3
Michael Wilson,87427,15,20,8,15,3
Chris Taylor,91892,12,11,8,11,8
Jane Williams,76445,19,17,14,15,7
John Doe,75141,15,19,7,8,7
Anna Smith,48924,14,18,13,8,4
Alex Wilson,65173,19,13,8,13,3
Anna Miller,69431,20,18,15,13,8
Anna Jones,61956,22,20,10,15,6
John Wilson,58307,19,11,12,10,8
John Davis,92412,15,15,9,11,3
Anna Brown,73326,10,19,15,12,8
Michael Johnson,109601,18,14,8,11,6
David Miller,72942,24,19,9,8,3
Laura Wilson,98243,19,14,5,9,6
Michael Davis,53482,20,14,5,15,3
Michael Williams,88368,25,15,15,9,4
Alex Wilson,100796,17,10,12,14,6
Jane Doe,54719,23,17,7,8,4
John Wilson,107674,14,12,12,13,8
Jane Davis,108493,25,11,13,15,4
Chris Jones,91834,16,17,8,15,7
David Miller,79319,11,20,12,12,5
Sarah Brown,100409,10,12,13,9,3
Laura Wilson,70568,11,17,10,8,4
Sarah Brown,86081,20,16,6,13,5
Michael Taylor,60762,22,20,14,14,4
Alex Brown,72270,12,15,12,14,3
Jane Brown,89311,20,20,13,13,6
Michael Miller,118678,21,17,8,11,8
David Smith,59087,15,13,5,9,4
David Williams,89327,25,17,7,15,3
Sarah Doe,105854,24,17,5,8,8
Michael Williams,96184,25,17,9,11,3
Anna Smith,61416,10,18,12,15,7
Jane Williams,46065,17,16,5,12,6
John Johnson,46072,21,18,5,8,3
Jane Williams,40768,16,19,14,11,5
Jane Williams,51277,22,20,10,12,5
Laura Miller,50908,19,19,6,10,8
Chris Doe,58749,12,13,15,12,4
Sarah Taylor,83275,14,15,8,12,6
Sarah Jones,89681,19,16,14,10,7
Chris Davis,48793,11,19,6,13,5
Alex Davis,100760,14,17,9,14,5
Emily Jones,106140,20,17,15,12,8
Michael Smith,77085,16,10,7,8,8
Sarah Davis,50425,16,18,7,13,4
Alex Taylor,50309,19,18,12,11,3
Jane Jones,90654,12,14,8,15,7
David Brown,61246,21,15,11,10,4
Anna Brown,46269,11,18,6,10,5
Chris Wilson,117011,24,16,9,11,4
Chris Brown,45454,11,11,14,11,3
Anna Brown,99334,24,19,11,14,7
Emily Brown,82559,13,14,8,14,4
Sarah Doe,40444,15,19,12,11,6
Chris Smith,71668,12,20,15,13,4
Jane Williams,90728,24,18,5,12,3
John Jones,78869,19,12,9,13,5
Anna Doe,107947,13,14,5,10,4
Anna Jones,104309,16,15,12,9,6
Michael Smith,60962,14,16,8,13,3
John Smith,78201,13,19,5,11,4
Emily Jones,89656,20,12,6,13,6
Anna Davis,105152,23,18,10,11,6
Sarah Williams,86047,13,17,14,14,5
Anna Doe,53546,17,17,15,10,7
David Davis,68641,22,14,10,12,4
Anna Miller,61831,14,17,13,10,5
Laura Taylor,42379,21,12,8,10,8
David Brown,70209,15,20,6,12,6
Chris Miller,69907,25,13,10,15,8
Michael Jones,57031,18,14,14,15,4
David Taylor,115540,10,19,6,15,6
Jane Davis,53720,19,13,11,11,8
Alex Davis,88681,14,17,15,10,6
Sarah Davis,88965,21,20,11,9,5
Jane Smith,115126,11,16,5,15,5
Chris Brown,64792,15,11,12,8,8
Michael Johnson,86246,21,16,6,15,4
Jane Smith,79792,25,10,8,10,3
Laura Jones,58809,19,12,15,11,8
Michael Williams,65876,14,16,7,13,7
Chris Jones,47657,22,18,9,10,7
Laura Williams,50219,12,14,9,14,6
Emily Johnson,105365,20,12,13,10,7
Alex Smith,92692,19,15,11,12,5
Sarah Brown,56991,12,11,10,11,6
Sarah Davis,109966,13,18,9,9,7
Jane Taylor,67516,24,15,13,10,5
Jane Smith,82108,24,19,15,8,5
Alex Smith,73231,12,14,7,15,8
Sarah Smith,81995,22,16,15,13,3
Sarah Taylor,110206,21,20,14,13,7
John Taylor,54033,20,12,5,15,4
Jane Brown,104669,19,16,13,13,6
John Williams,81041,10,15,8,8,6
Emily Williams,114307,10,16,14,10,6
Emily Doe,52453,19,19,6,15,7
John Davis,41231,24,11,5,11,7
Michael Brown,40245,12,18,5,12,8
Laura Davis,51836,22,13,15,15,5
Jane Taylor,64398,14,14,14,11,8
David Jones,107165,23,11,8,9,3
Emily Doe,53825,14,10,10,9,4
Laura Doe,51831,10,14,15,8,6
Anna Jones,90982,10,17,11,8,7
Anna Taylor,112699,21,12,10,12,7
Jane Doe,90833,20,19,8,10,7
David Smith,54921,23,15,15,13,5
Alex Doe,51771,10,16,15,8,4
Michael Doe,69365,20,18,11,10,8
Anna Taylor,95470,16,16,7,11,5
Alex Miller,72255,13,18,5,8,6
Chris Davis,57951,22,15,9,12,4
John Doe,98920,12,13,7,12,6
Laura Davis,100079,15,17,14,12,5
Laura Jones,63265,11,10,8,9,8
Emily Davis,96678,18,11,13,12,7
David Miller,70447,15,14,7,11,8
Anna Wilson,49758,13,12,13,9,3
Jane Jones,112303,14,16,8,12,5
Emily Smith,78564,17,16,12,8,6
Anna Brown,77824,14,14,13,15,4
Michael Brown,94961,12,17,11,14,8
Jane Wilson,71380,11,17,14,15,8
David Jones,69978,18,18,5,13,8
David Doe,44604,13,19,14,8,3
Chris Wilson,113263,13,17,15,15,3
Sarah Jones,64883,12,11,11,15,6
Chris Doe,83221,16,18,14,14,5
Michael Smith,69556,25,11,6,13,7
Laura Taylor,117552,21,10,15,12,4
Alex Doe,48086,24,12,9,9,7
David Williams,105859,19,19,13,8,8
Laura Jones,95094,23,14,6,9,6
Jane Doe,70346,23,12,8,11,4
Emily Wilson,40054,21,11,13,11,6
Laura Miller,51086,20,11,15,10,3
Chris Williams,62902,18,17,6,10,6
Emily Johnson,106408,11,13,12,14,6
Emily Wilson,101255,22,19,7,12,6
John Wilson,78575,20,14,6,13,8
Michael Taylor,118326,22,13,13,11,3
Anna Brown,41868,23,19,10,8,8
Emily Miller,114429,24,17,7,8,4
Alex Smith,65595,11,12,8,15,8
Sarah Davis,75105,25,20,14,10,5
John Taylor,84853,22,17,10,8,3
Michael Jones,63869,24,18,10,14,8
Sarah Wilson,62287,24,14,13,15,3
Alex Davis,72672,13,14,9,12,7
Laura Jones,107448,17,12,10,14,6
Laura Johnson,70201,22,16,11,11,3
Anna Taylor,62734,16,14,10,9,8
Alex Brown,116815,18,13,15,9,3
Sarah Smith,74640,14,12,9,13,5
Emily Wilson,41401,22,20,11,10,8
Alex Smith,119335,23,13,6,14,4
Emily Miller,99241,21,17,11,9,6
Alex Brown,56158,11,17,9,9,3
Michael Johnson,41009,25,15,8,13,7
Jane Wilson,78724,25,11,14,13,4
Emily Smith,107336,19,11,13,8,7
Chris Wilson,52099,14,20,9,15,6
Jane Brown,97472,24,14,14,10,8
John Brown,92332,12,15,12,9,3
Michael Davis,104716,15,10,15,15,7
John Davis,58503,18,15,9,8,3
Anna Taylor,98322,13,11,8,15,5
Jane Jones,60171,24,15,13,14,6
David Davis,70755,16,16,6,13,6
Chris Johnson,101326,19,12,15,14,8
Anna Brown,119555,15,19,6,11,5
Laura Brown,87840,24,15,6,15,6
Michael Davis,46296,22,17,13,14,8
David Wilson,106727,25,12,13,10,4
John Brown,99165,14,17,5,12,6
Chris Williams,83817,14,16,6,13,6
Michael Doe,78000,19,19,10,8,7
Emily Brown,45774,10,20,12,14,4
Sarah Taylor,112232,22,20,14,15,4
Michael Miller,88660,12,15,6,8,7
David Doe,71832,20,11,10,12,5
Alex Jones,71895,18,13,7,12,5
Michael Johnson,116550,18,20,5,15,3
Chris Brown,64240,25,13,5,11,8
Anna Miller,105384,15,20,14,12,6
Jane Brown,105598,24,11,7,9,7
Chris Davis,113477,25,19,7,9,7
David Brown,53429,19,19,11,14,7
Jane Smith,109326,16,12,5,11,3
Alex Taylor,67861,17,16,7,10,4
David Smith,44849,24,11,7,11,4
Emily Brown,118907,19,17,9,15,4
Emily Brown,108205,12,18,15,8,3
David Doe,82276,22,20,5,10,3
David Williams,69748,25,12,13,8,3
Laura Taylor,94373,17,18,10,11,3
Jane Miller,50183,21,11,15,9,7
Sarah Miller,86388,18,11,5,11,4
Emily Johnson,82316,20,15,15,9,3
Emily Miller,81783,18,14,14,11,4
Anna Jones,61881,25,16,7,9,8
Anna Williams,64412,24,20,6,8,6
Jane Wilson,67547,10,14,13,10,5
Chris Jones,81975,22,17,5,11,6
Laura Williams,54815,12,15,5,13,3
Anna Taylor,101143,17,16,7,10,5
Laura Smith,51353,25,19,12,10,5
David Miller,86027,20,16,8,12,3
Jane Johnson,113572,24,19,5,14,6
Jane Smith,117178,12,19,5,14,4
Anna Wilson,108837,17,20,13,15,6
David Wilson,109262,22,14,9,15,8
John Smith,69821,10,14,5,15,8
Chris Doe,46577,18,19,15,13,6
Alex Davis,64971,17,11,15,12,3
Chris Taylor,45681,23,18,13,13,6
Alex Doe,88545,16,18,8,10,4
David Jones,45750,21,16,12,10,6
Chris Jones,115743,12,17,7,15,5
Sarah Jones,117892,19,11,6,13,8
Laura Davis,113253,12,19,7,15,8
Laura Brown,113596,11,17,13,8,8
Sarah Williams,109003,17,12,14,14,8
Chris Smith,113100,17,12,12,11,7
David Taylor,48867,14,17,5,13,4
Alex Williams,103564,22,17,9,12,3
Emily Smith,109873,18,18,9,11,6
David Brown,106623,16,10,7,13,6
Jane Johnson,107776,24,13,12,15,5
Laura Brown,81266,15,18,7,9,7
Sarah Miller,43388,12,14,13,14,7
Emily Brown,89408,17,15,11,13,5
Anna Smith,92413,14,13,9,15,6
Sarah Taylor,107404,18,10,6,15,5
Sarah Jones,114087,11,14,15,14,5
David Taylor,46489,24,13,9,10,8
John Taylor,106560,15,14,8,14,5
Laura Brown,63270,13,15,10,15,7
Michael Miller,105625,18,19,9,11,8
Anna Wilson,75755,15,16,5,11,6
Laura Wilson,102450,11,17,8,12,7
Jane Doe,68025,11,17,10,11,5
John Miller,78471,18,20,6,13,7
John Williams,76643,14,20,6,8,6
Chris Doe,41847,11,17,5,13,8
John Smith,80852,18,18,10,9,3
Laura Wilson,104269,16,20,11,9,7
Anna Wilson,50849,25,16,7,9,7
Jane Wilson,59746,19,20,11,10,3
Laura Smith,104403,13,10,10,8,4
David Jones,76441,21,19,15,8,7
Chris Taylor,56788,20,19,11,9,6
Michael Brown,77034,11,19,12,10,4
John Taylor,57141,17,14,10,10,6
Alex Taylor,92427,21,17,7,8,5
Michael Williams,44084,14,13,15,15,7
Michael Brown,75331,18,10,7,8,3
Jane Johnson,107745,13,15,11,10,3
Jane Brown,92830,10,15,7,14,4
Chris Jones,116512,18,16,15,10,6
John Johnson,60495,10,14,15,9,3
Sarah Miller,96639,17,17,11,14,4
Sarah Johnson,70425,12,18,11,12,8
Sarah Smith,46557,21,19,5,10,6
Laura Davis,92126,21,19,10,13,5
John Williams,74277,16,18,10,15,8
Michael Taylor,116237,19,14,10,11,7
Laura Doe,104650,23,15,11,11,4
Michael Taylor,94399,19,10,10,12,7
Jane Miller,90816,15,19,7,8,4
David Johnson,100820,18,12,13,12,7
Emily Davis,74162,13,19,9,14,6
Emily Johnson,90481,11,10,13,12,4
Chris Johnson,80573,10,13,14,12,6
Sarah Doe,82938,23,20,13,8,3
Emily Taylor,112828,12,20,5,15,6
Anna Wilson,50746,10,12,7,9,3
Emily Taylor,100305,17,11,15,10,6
Anna Williams,98476,18,14,9,11,6
Laura Davis,113828,25,17,5,15,3
Jane Brown,42487,17,14,9,11,3
Emily Smith,57220,22,18,15,15,5
Jane Johnson,70556,23,11,10,13,7
Alex Jones,47051,12,17,7,13,7
David Doe,40593,13,17,7,14,5
John Davis,104750,18,19,9,10,7
Michael Williams,101904,16,19,7,10,6
Chris Jones,109149,24,18,6,13,6
Chris Wilson,90209,21,11,15,15,5
John Williams,42168,14,12,6,9,6
Anna Wilson,106552,23,11,12,9,4
Jane Doe,98979,10,16,13,13,7
Jane Davis,78026,18,11,11,14,3
Emily Taylor,102534,24,15,15,12,6
Michael Williams,102037,10,19,9,15,6
Alex Smith,117283,23,13,7,12,4
Anna Taylor,64648,13,17,5,15,3
David Miller,68565,16,19,8,8,4
Anna Smith,68774,19,19,7,9,7
Anna Davis,98206,21,14,13,10,7
John Johnson,70602,12,15,6,11,3
David Doe,47610,21,16,10,10,4
Alex Doe,79686,11,12,7,13,3
Laura Wilson,55687,13,16,15,8,4
Michael Wilson,94831,17,20,11,9,4
Sarah Taylor,55566,13,12,14,8,3
Laura Doe,45395,24,10,6,14,7
Alex Taylor,119452,10,12,13,9,7
Alex Wilson,62145,12,10,9,14,4
David Wilson,49788,20,16,7,14,3
Alex Brown,90798,12,16,11,8,4
Chris Smith,108836,23,13,5,15,5
Alex Jones,89786,16,20,11,14,6
Anna Taylor,78652,24,10,12,15,8
Sarah Wilson,100996,17,10,11,9,6
Jane Johnson,40689,12,12,15,11,8
David Williams,75692,24,17,8,10,8
John Williams,84885,21,19,13,8,7
Anna Brown,70442,24,11,6,10,4
Jane Jones,69103,14,18,13,9,7
Emily Johnson,112440,15,19,14,15,3
Anna Smith,118534,15,19,12,10,3
Laura Brown,98145,23,15,8,10,7
Laura Brown,80638,20,20,12,15,7
David Doe,64754,19,11,6,13,5
David Wilson,115354,18,13,8,10,3
Sarah Miller,79596,15,14,13,13,4
Laura Doe,58344,18,10,15,9,6
Michael Williams,107880,21,20,15,14,3
Laura Smith,58123,25,11,7,8,3
John Doe,61183,12,17,13,15,5
Jane Smith,96800,21,19,6,9,3
Michael Doe,68553,23,11,9,15,6
John Williams,87809,18,13,5,11,4
John Doe,41937,22,17,14,8,8
John Jones,58381,12,10,13,11,3
Anna Johnson,82947,24,15,8,14,8
Laura Doe,111355,20,19,12,14,4
Sarah Williams,60853,10,16,11,12,3
Michael Miller,47259,19,16,9,8,4
David Jones,112590,24,12,11,11,3
Laura Doe,84756,13,12,14,11,6
Alex Jones,73207,18,20,15,10,8
Chris Brown,52663,18,20,12,9,5
Laura Davis,94137,14,16,13,13,7
Sarah Smith,85944,16,17,14,15,8
Sarah Taylor,57505,23,19,10,10,3
Laura Taylor,66280,18,19,11,14,8
Emily Miller,96953,24,20,8,14,3
Alex Miller,100295,12,12,14,13,5
David Taylor,96634,17,14,11,14,4
Laura Doe,88115,24,14,8,8,3
Chris Williams,85836,21,10,8,10,3
David Williams,60955,10,16,13,13,7
Alex Brown,117444,11,14,11,14,5
David Johnson,93660,15,14,13,13,5
Chris Davis,119934,20,17,11,11,6
John Brown,68491,24,12,5,13,8
Michael Miller,56459,19,13,10,15,5
Emily Taylor,74282,10,15,5,15,8
Alex Smith,104368,19,17,14,13,3
Laura Smith,60482,22,10,13,15,4
Jane Wilson,79647,24,10,10,11,6
Alex Davis,85906,14,18,10,8,5
Alex Williams,54416,15,16,10,10,6
Michael Brown,84089,16,12,15,8,3
Jane Doe,47296,14,10,15,12,7
John Smith,99804,16,20,10,14,7
Anna Doe,100705,17,19,12,11,6
Anna Williams,85401,23,15,14,14,7
Jane Doe,99781,21,19,7,9,4
Sarah Smith,105057,19,10,7,10,8
Anna Taylor,77178,23,13,10,13,7
Sarah Smith,74588,16,20,10,13,4
Laura Jones,92935,24,16,11,14,4
Sarah Doe,104221,12,15,10,15,3
Anna Davis,92917,11,12,15,9,3
Alex Miller,87042,21,12,8,9,3
Jane Davis,63786,10,18,10,15,5
Michael Taylor,106081,25,11,12,9,8
Laura Williams,81636,11,12,6,13,6
Chris Doe,74428,19,13,8,13,5
Laura Miller,74736,23,16,13,9,3
Laura Miller,103508,14,13,9,12,5
Emily Jones,95769,22,12,7,12,7
Chris Williams,113012,11,16,12,14,7
Laura Davis,67474,22,17,11,11,6
John Miller,77566,11,10,12,14,6
Michael Wilson,52546,19,17,15,13,7
Laura Jones,118281,25,15,12,10,5
Michael Smith,86086,16,13,15,15,8
David Doe,40876,11,15,8,9,7
David Williams,114178,19,12,5,14,7
Michael Wilson,77117,24,13,15,10,3
Jane Jones,108294,19,12,15,10,3
Anna Doe,88160,18,19,11,13,6
Chris Brown,98964,16,18,12,15,8
Michael Williams,110979,22,16,15,8,7
Anna Davis,109117,11,19,8,15,3
Alex Davis,111972,25,14,5,9,7
Jane Smith,99951,10,10,14,9,3
Sarah Williams,109210,19,14,5,9,7
John Johnson,85652,16,12,12,14,5
Alex Smith,101245,21,17,7,8,7
Laura Brown,66389,21,19,11,12,3
Emily Jones,50682,20,12,9,15,3
Laura Wilson,114957,17,13,12,13,3
Michael Williams,70156,16,10,11,13,5
Michael Williams,48465,18,20,15,13,5
Alex Doe,89131,16,19,6,13,4
Jane Doe,43603,11,10,15,10,8
Anna Davis,89154,12,14,14,15,7
Jane Jones,98970,14,14,14,11,5
Chris Jones,71111,15,10,5,8,7
Michael Smith,69864,10,19,5,14,7
Michael Wilson,41424,21,13,12,9,7
Jane Miller,98965,20,17,7,14,5
Emily Brown,110625,23,11,5,14,5
Sarah Taylor,73077,22,14,12,14,8
Jane Jones,81550,25,17,12,10,4
Chris Taylor,51321,24,14,13,12,5
Jane Davis,76308,19,10,15,14,6
Alex Smith,112520,14,16,8,12,7
Laura Jones,80614,10,11,15,12,8
John Davis,100092,22,10,14,8,3
Laura Doe,92735,14,12,12,12,3
Sarah Williams,115761,14,12,6,12,5
Anna Jones,105814,18,19,13,12,3
Michael Smith,50892,12,16,15,10,3
Anna Smith,111119,18,15,13,10,5
John Brown,84585,18,19,5,13,3
Laura Davis,79028,14,14,14,12,3
Alex Wilson,42155,24,15,10,15,5
Chris Brown,58655,24,20,15,11,6
Chris Williams,75718,22,12,10,12,7
Alex Johnson,45994,12,13,12,13,3
Michael Brown,105794,13,18,8,14,4
Anna Doe,105632,21,14,6,13,7
Sarah Wilson,54041,16,17,15,8,5
Sarah Smith,52926,16,10,14,15,7
Jane Jones,59859,21,12,10,9,6
Anna Jones,100722,25,20,15,15,6
Anna Wilson,47653,12,14,8,11,6
Laura Wilson,108476,23,14,10,8,5
Emily Doe,42408,14,12,8,14,4
Sarah Miller,46925,25,17,6,13,6
Chris Davis,65591,19,15,15,13,5
Chris Doe,101384,25,12,7,12,5
Alex Brown,73939,13,12,5,12,6
Alex Brown,79024,16,11,15,10,7
Chris Taylor,82358,21,18,14,8,8
Chris Brown,91491,25,13,7,11,4
Emily Wilson,87051,13,18,11,12,8
Laura Taylor,48558,11,20,12,10,3
Alex Williams,68814,15,15,15,12,4
John Miller,91170,14,18,13,12,7
Chris Taylor,55576,12,10,11,10,5
Anna Johnson,86911,10,11,10,11,5
Sarah Davis,100228,14,11,6,10,5
Michael Davis,71764,24,13,9,11,6
Jane Davis,78047,14,13,6,8,3
Alex Johnson,44884,18,15,7,11,4
John Wilson,115207,11,16,10,9,7
David Johnson,51717,21,16,8,15,6
Emily Smith,56301,15,13,5,12,7
Laura Jones,79514,22,12,14,14,4
David Johnson,68213,11,19,12,12,7
Sarah Williams,94792,14,11,12,13,7
David Jones,74993,15,19,12,11,6
Sarah Jones,108895,19,16,14,8,3
Sarah Doe,101833,23,19,10,8,3
Laura Johnson,95079,15,14,8,14,7
Laura Wilson,115863,13,17,6,11,8
Michael Doe,73487,10,11,8,12,3
Alex Wilson,54545,16,19,7,11,7
Alex Wilson,113932,25,19,9,9,5
Laura Taylor,115322,19,10,12,14,8
Chris Williams,72587,24,14,5,13,7
Laura Johnson,55466,19,13,12,13,8
David Smith,78222,13,13,6,10,7
Emily Davis,46234,19,19,13,13,7
Anna Brown,111749,15,16,13,10,4
John Taylor,110586,21,16,7,9,8
Jane Wilson,112544,15,15,12,14,5
Chris Wilson,92410,20,20,10,13,7
Chris Smith,65357,19,17,13,14,5
Chris Davis,66938,14,13,13,10,7
Anna Johnson,92715,20,16,6,9,6
Jane Davis,52764,19,12,8,12,4
David Doe,77024,21,18,9,11,4
Sarah Jones,61927,20,11,13,9,5
Jane Taylor,56891,11,18,5,13,8
Jane Jones,41000,15,11,5,13,5
Michael Smith,47268,19,13,15,15,6
Alex Jones,110908,25,12,5,11,4
Anna Williams,42851,13,16,13,10,4
Alex Davis,76093,19,15,9,8,4
David Smith,40688,21,13,7,12,8
John Brown,64607,16,16,6,12,6
John Wilson,87732,23,18,11,8,7
Michael Davis,117667,20,14,11,15,7
Sarah Brown,82217,13,14,15,10,8
Alex Jones,107729,11,10,14,11,8
Alex Davis,49338,20,11,15,11,7
Chris Miller,96247,19,18,5,12,5
Laura Doe,71606,21,18,11,8,3
Laura Johnson,102033,21,14,6,14,5
Chris Smith,113153,17,10,14,9,3
Emily Smith,119168,22,17,11,12,7
Emily Williams,86351,11,15,7,8,6
Alex Williams,41027,22,20,5,13,6
John Miller,72475,24,10,9,13,4
Emily Johnson,72017,20,19,5,8,7
David Johnson,48953,16,18,6,14,6
Anna Smith,86820,24,10,13,10,7
Jane Smith,44931,13,17,8,11,6
Sarah Johnson,68423,13,17,6,15,5
Anna Williams,78041,15,12,11,13,3
Laura Smith,118999,18,11,8,15,3
Laura Taylor,112978,10,17,9,14,4
John Johnson,113938,16,13,9,14,7
David Smith,91704,20,17,13,13,8
Anna Taylor,77218,23,15,15,8,7
Alex Taylor,51896,11,19,14,10,4
Alex Smith,109734,11,11,13,11,5
Jane Jones,66390,12,18,15,10,4
Alex Davis,108714,23,18,11,13,3
John Wilson,101767,25,16,7,9,8
Emily Taylor,64962,24,16,14,9,3
Laura Johnson,110536,25,20,6,15,7
Chris Johnson,114418,21,10,6,9,6
Jane Miller,64502,15,15,15,15,6
Sarah Miller,44284,12,15,14,13,5
Chris Johnson,61714,13,11,5,11,5
Laura Miller,104373,18,15,9,15,8
Sarah Smith,80769,24,17,5,12,8
Laura Jones,54342,14,13,13,12,6
Jane Taylor,110752,13,15,10,8,8
Emily Taylor,63698,16,15,5,10,3
Laura Johnson,111209,16,13,10,8,8
Alex Williams,57362,17,11,8,8,4
Emily Taylor,42117,16,17,8,15,4
David Jones,76289,23,13,8,15,3
John Wilson,101627,22,15,12,15,8
Emily Doe,73772,18,15,15,12,3
Emily Brown,105886,21,11,8,10,3
Anna Taylor,111576,23,20,7,10,3
David Davis,62245,24,13,5,14,5
Chris Smith,81747,22,20,6,11,5
Chris Wilson,84361,14,12,6,13,8
Emily Taylor,67968,23,15,10,13,8
Jane Williams,96233,21,15,5,11,5
Jane Williams,75045,25,12,6,15,4
Laura Brown,41918,24,20,15,15,7
Michael Doe,57330,13,18,5,11,4
Chris Jones,61124,15,11,15,13,3
Laura Davis,74365,21,15,10,9,5
Jane Jones,117455,12,12,9,10,5
John Smith,60477,23,14,14,15,7
Alex Taylor,94579,20,18,14,8,8
Anna Jones,53790,23,12,11,15,8
Chris Smith,62462,16,16,5,9,4
Sarah Brown,102121,13,12,5,15,5
Alex Williams,81778,18,11,10,12,4
David Wilson,46051,25,12,9,11,4
Chris Doe,94117,10,11,9,11,6
Michael Wilson,62527,13,10,13,14,4
Sarah Williams,42518,18,15,13,14,6
Sarah Smith,43320,24,11,6,8,4
David Williams,44788,14,11,12,9,5
Jane Brown,54516,18,20,7,12,4
Jane Miller,94670,25,20,12,10,3
David Johnson,70126,11,15,12,9,8
Anna Miller,64669,24,13,13,14,7
Sarah Davis,90038,25,14,14,11,3
Sarah Davis,49345,23,15,13,12,4
David Smith,67926,25,14,5,9,5
David Doe,80775,16,10,7,11,3
John Doe,99788,22,10,7,12,8
Alex Brown,66767,19,19,12,13,7
Chris Wilson,70542,13,13,9,9,4
Sarah Doe,116332,19,10,10,11,5
Emily Miller,78577,11,16,8,8,7
Anna Williams,78894,20,12,9,13,6
Emily Brown,67258,17,16,14,15,5
John Davis,102027,18,18,10,12,3
Emily Smith,115193,10,13,13,8,3
Anna Jones,60866,17,20,7,13,4
Sarah Wilson,93320,10,20,8,8,3
Michael Doe,106887,16,18,6,13,3
David Brown,74788,12,13,9,9,3
David Miller,101975,19,20,13,12,7
Alex Jones,110617,12,14,5,12,3
Laura Wilson,83459,13,19,13,9,7
Sarah Williams,56185,25,19,5,13,3
David Wilson,84556,13,16,13,12,7
John Williams,73567,15,13,11,14,8
Chris Smith,107116,22,16,9,9,7
Chris Wilson,101366,13,18,11,15,5
David Taylor,46457,10,11,11,9,7
John Miller,77001,13,11,14,9,4
Chris Smith,57407,25,15,15,9,3
Anna Davis,63159,25,11,15,12,8
Laura Taylor,79774,19,13,12,10,4
Michael Wilson,116066,12,20,8,14,6
Chris Wilson,102927,12,18,8,13,8
Anna Smith,75743,11,11,15,8,5
Sarah Smith,82802,15,12,11,11,4
David Jones,96697,17,19,5,13,7
Jane Davis,48502,18,19,7,14,4
Sarah Doe,60422,17,12,15,8,7
Chris Miller,63224,21,12,12,14,3
Laura Wilson,48515,18,18,10,10,4
David Johnson,46751,14,13,6,10,8
David Doe,83063,22,12,5,8,8
Jane Jones,40578,19,13,6,9,4
John Taylor,43863,19,13,11,15,5
Alex Wilson,94627,17,15,8,12,8
John Brown,85439,18,16,9,10,8
Jane Davis,48087,17,15,10,10,3
Jane Jones,69901,21,20,10,12,7
David Williams,54249,16,12,6,13,5
Sarah Davis,93842,12,18,9,12,3
Chris Smith,73990,18,14,10,11,4
Michael Miller,90063,10,15,13,15,6
David Wilson,70107,17,18,10,15,3
David Brown,53514,22,14,7,12,6
Anna Taylor,48341,23,15,12,15,7
Anna Taylor,59173,18,10,5,12,4
David Johnson,110950,18,17,13,14,8
Sarah Brown,80745,15,15,5,11,6
Alex Davis,119535,24,14,9,9,3
Alex Doe,74834,13,14,15,15,8
Sarah Doe,88806,22,15,12,8,8
Jane Johnson,104871,10,18,15,9,8
David Brown,44846,24,10,6,9,5
Sarah Miller,60331,13,12,9,11,3
Anna Taylor,64710,11,18,14,13,8
David Jones,44241,12,19,5,9,4
Chris Williams,84361,24,17,14,9,4
Emily Johnson,72672,12,19,13,14,5
Emily Miller,84297,11,10,10,15,3
Chris Taylor,81879,18,19,8,9,5
Sarah Miller,55639,22,17,12,9,8
Alex Williams,89619,21,11,15,15,8
John Williams,46687,14,17,6,14,5
John Doe,86856,23,20,9,12,7
Anna Taylor,107965,22,20,7,9,6
Laura Miller,75496,16,20,13,15,6
Laura Johnson,45000,10,16,12,10,8
David Wilson,104762,15,17,14,13,6
Alex Miller,50680,25,18,14,8,7
Michael Wilson,103724,17,15,10,14,7
John Doe,60221,17,16,6,12,7
David Johnson,107053,16,10,5,11,4
Anna Johnson,41710,24,17,10,10,8
Alex Davis,79447,11,12,9,15,5
Jane Smith,106952,24,20,13,11,5
John Doe,53750,14,18,11,15,8
Emily Doe,85089,24,15,10,10,7
David Johnson,47452,22,11,11,15,7
Chris Davis,103884,10,19,6,12,6
Laura Doe,85971,23,13,6,9,4
David Brown,94379,16,18,15,14,3
Chris Smith,90595,25,18,12,15,3
Jane Johnson,93809,11,20,12,9,3
Chris Williams,73416,24,13,11,10,3
Laura Smith,119819,12,16,7,11,3
John Jones,97416,16,19,7,8,5
Jane Taylor,40216,21,15,7,12,6
David Doe,50613,12,18,8,12,5
Alex Williams,50594,22,17,12,8,5
Jane Doe,51018,12,15,5,14,5
Anna Johnson,72847,19,12,13,13,5
Emily Taylor,60293,13,10,9,15,4
Chris Taylor,45313,23,15,13,14,5
Jane Wilson,48561,25,12,7,13,6
Jane Williams,82008,20,10,9,9,8
Jane Jones,80467,23,11,8,13,7
David Miller,48818,21,12,9,11,5
Anna Jones,67326,14,14,9,11,5
Emily Williams,105846,11,20,10,8,4
Chris Smith,41347,19,14,13,14,4
Emily Williams,90669,14,16,15,9,5
Alex Brown,89055,20,10,5,12,8
Chris Jones,113913,11,10,6,10,6
Alex Jones,84136,25,15,11,8,6
Anna Taylor,90878,20,10,7,15,4
Sarah Jones,54887,14,11,11,13,3
Emily Davis,87302,10,13,9,11,8
Chris Wilson,92644,17,20,15,11,4
Laura Williams,63420,25,13,6,15,5
Anna Smith,42448,12,20,6,8,6
Emily Jones,111233,24,11,5,15,3
Laura Jones,75996,25,19,5,15,3
Jane Smith,49186,12,17,13,8,8
Laura Doe,90471,14,15,9,11,4
Emily Williams,46739,20,11,7,13,8
Michael Wilson,101234,24,15,13,10,7
Anna Brown,61808,11,16,7,15,7
Anna Brown,67062,24,15,9,13,7
David Wilson,71469,20,10,15,14,6
Jane Johnson,62924,13,17,7,9,6
Chris Jones,117209,18,18,7,13,7
Anna Miller,76017,20,11,9,10,6
Laura Wilson,111453,24,18,11,11,5
Emily Wilson,108758,20,19,10,15,4
Alex Jones,50136,14,19,9,15,5
Sarah Williams,40583,18,16,7,8,8
Sarah Wilson,86566,17,15,8,15,4
Anna Brown,92293,15,18,14,15,5
Michael Doe,51078,21,11,7,11,5
Jane Smith,80662,25,20,11,8,6
Chris Brown,81535,22,15,5,10,8
David Miller,86457,12,20,7,13,4
David Brown,99772,15,13,12,14,7
Jane Doe,76946,17,14,7,11,3
Emily Jones,54291,23,13,6,13,3
Alex Miller,75910,22,15,6,12,6
Michael Wilson,89757,10,17,11,12,3
Chris Jones,112650,20,11,9,13,6
David Brown,93694,14,20,6,15,5
David Williams,54671,14,14,15,15,6
Chris Brown,86207,13,16,10,11,4
Alex Brown,78387,11,13,6,8,3
Sarah Taylor,96204,23,19,10,9,7
John Smith,45411,22,20,6,14,6
David Brown,92563,17,18,11,10,4
David Doe,95758,11,14,9,10,6
Anna Taylor,62380,15,20,14,8,7
Michael Brown,49701,20,13,9,10,8
Laura Doe,78790,20,19,13,9,5
Alex Williams,101954,14,10,7,9,4
Alex Jones,45517,12,14,11,12,7
David Wilson,57263,25,16,6,8,7
Anna Davis,64986,18,13,9,15,5
Alex Williams,91658,14,13,15,11,7
David Williams,56332,21,16,12,8,3
Chris Johnson,77156,15,13,13,12,7
Michael Doe,94225,12,17,7,15,5
David Miller,63190,13,17,13,10,5
Jane Jones,117840,24,11,10,9,4
Emily Williams,43405,24,20,13,14,6
John Taylor,96028,24,16,8,11,7
Alex Smith,91545,20,19,8,8,4
Jane Taylor,91678,15,18,13,13,4
Sarah Brown,76833,19,18,12,10,5
Jane Williams,48623,24,20,7,14,5
Alex Miller,102135,11,20,10,11,6
Laura Brown,42572,25,17,7,10,7
John Davis,79547,18,15,14,9,5
Emily Brown,67191,23,11,12,14,4
Sarah Smith,92687,21,16,10,14,8
Jane Wilson,46459,16,16,13,10,8
Laura Johnson,112253,23,20,11,12,6
Sarah Davis,91572,17,11,6,8,3
Chris Jones,91727,20,18,13,10,3
Chris Taylor,53735,23,19,13,10,4
Anna Williams,119671,14,14,6,8,8
John Miller,99536,20,20,15,13,3
Chris Davis,68811,11,13,7,15,6
Emily Miller,47935,23,15,5,15,5
Michael Johnson,76209,10,14,14,11,3
Alex Williams,65747,14,10,14,11,5
Anna Jones,99383,22,17,10,11,7
Chris Brown,67292,15,17,5,8,3
Alex Doe,79157,11,10,14,11,4
Laura Johnson,72468,11,16,5,10,3
Jane Davis,51508,16,19,7,9,6
Jane Smith,108986,22,16,6,14,7
Jane Jones,97649,11,18,7,15,8
Alex Brown,105952,25,12,6,15,5
Sarah Jones,107610,16,17,14,10,8
Sarah Brown,106701,10,11,10,11,7
Chris Miller,72842,24,13,13,12,8
Emily Miller,45845,24,20,9,13,6
Emily Johnson,71835,18,16,6,10,4
Michael Doe,52855,23,20,7,8,6
John Williams,74826,10,14,12,11,8
Anna Miller,46070,17,13,8,10,4
Alex Doe,109706,20,20,9,10,4
Sarah Miller,91055,10,14,8,8,6
Emily Davis,83423,21,11,10,14,8
Laura Wilson,66836,21,13,9,8,3
John Johnson,100115,17,14,13,12,4
Jane Johnson,46613,10,11,12,15,4
John Davis,106370,20,18,14,11,7
Anna Miller,44520,23,10,9,15,8
Jane Smith,90846,14,17,5,11,5
John Davis,71050,21,16,6,10,5
Alex Davis,75009,16,19,15,11,6
Emily Taylor,56136,10,20,12,11,7
Chris Brown,57848,12,19,7,13,5
David Doe,106233,16,16,14,15,8
Alex Wilson,76876,16,16,8,9,4
Michael Miller,41587,10,18,9,10,5
Laura Smith,88630,25,10,13,10,6
Chris Davis,117465,13,20,14,11,4
Alex Johnson,77781,10,16,13,12,7
Sarah Doe,86625,23,11,6,13,4
Anna Jones,104158,21,19,5,11,5
Sarah Doe,49189,19,11,5,9,4
Sarah Wilson,101822,12,19,13,11,3
David Davis,55248,21,12,5,8,5
Chris Smith,107337,25,18,12,8,4
Laura Brown,94272,13,12,11,12,4
John Brown,87314,21,20,7,10,7
Sarah Williams,104463,18,13,11,14,6
Emily Brown,106112,24,10,12,8,4
Michael Taylor,74174,23,20,11,13,7
Emily Brown,54897,25,20,9,8,3
Anna Wilson,106676,17,14,10,10,5
Michael Jones,72841,19,10,15,14,4
Alex Wilson,111867,20,15,10,15,7
Anna Smith,44952,18,16,5,12,8
Anna Davis,58119,11,17,10,9,4
John Davis,97608,18,10,8,13,5
Emily Smith,103314,23,10,10,9,3
Jane Taylor,81938,19,13,13,15,7
Emily Wilson,48780,18,15,5,9,6
Michael Johnson,119220,25,18,14,12,6
Emily Wilson,117299,11,13,6,12,5
Alex Brown,91955,25,13,5,13,8
Michael Doe,85764,21,19,10,8,5
Anna Jones,102126,22,10,8,10,7
Jane Davis,75759,11,18,11,14,7
Chris Smith,49262,17,11,10,14,3
Sarah Williams,103316,15,18,5,8,5
Jane Brown,47771,11,20,7,8,7
Anna Miller,61925,23,18,8,15,8
Emily Jones,58286,11,15,8,10,8
David Doe,104926,21,10,12,14,4
Laura Taylor,76403,24,14,14,11,6
David Brown,98153,11,16,7,14,6
Chris Taylor,87407,17,10,9,9,6
Laura Wilson,44412,14,12,7,10,5
Anna Johnson,115799,11,10,12,12,6
John Smith,115179,10,11,7,9,6
Emily Miller,78144,15,18,12,8,8
David Doe,95671,23,19,6,14,8
Chris Davis,75219,16,18,6,15,3
Alex Davis,84361,23,10,9,10,4
Chris Brown,40846,17,17,13,13,3
David Taylor,110759,25,11,5,13,3
Alex Brown,118390,16,15,14,13,4
Laura Wilson,82990,14,15,5,15,6
Laura Johnson,69762,17,16,13,13,7
Emily Jones,51337,12,14,14,14,8
Michael Davis,117542,10,17,14,15,3
Sarah Jones,50023,14,20,15,10,7
Emily Brown,82768,22,12,11,8,8
Chris Williams,54149,24,17,10,8,4
Laura Doe,83938,17,17,12,13,6
Jane Davis,110854,21,18,15,11,8
Alex Jones,55696,22,13,7,14,4
John Davis,87132,25,16,13,12,7
Laura Doe,79703,22,15,6,11,3
Alex Williams,77626,17,12,14,15,7
Emily Miller,78033,19,11,13,11,3
Jane Davis,105181,14,10,9,13,4
Chris Miller,85232,12,17,5,10,7
Jane Brown,57833,17,11,10,10,8
Jane Brown,99619,16,10,15,8,8
Michael Brown,101509,19,14,15,10,8
Jane Taylor,107364,22,17,13,8,7
Alex Jones,77357,12,19,9,14,5
Emily Davis,111300,19,19,15,12,3
John Smith,74170,20,19,10,12,6
Laura Johnson,99279,16,20,9,11,6
David Wilson,43702,13,18,8,9,3
Laura Doe,42828,11,16,7,9,3
Alex Wilson,86760,25,15,12,13,3
David Davis,66212,15,15,9,12,4
Alex Wilson,80271,13,12,7,15,8
Michael Williams,57095,14,12,8,11,5
John Brown,74985,17,12,8,12,7
Michael Williams,100948,21,17,8,9,8
Sarah Johnson,91820,22,13,7,12,3
Chris Williams,98119,12,19,8,12,3
Laura Smith,63763,12,11,11,10,7
John Doe,100332,19,17,7,15,5
Jane Smith,44152,23,11,8,8,8
Sarah Doe,70365,19,16,8,11,7
Jane Brown,114588,25,15,15,14,6
Jane Taylor,67763,11,16,5,14,4
David Doe,44933,19,17,7,11,7
Alex Jones,50972,15,12,13,10,8
Jane Davis,48731,22,17,9,9,3
John Johnson,67169,23,17,12,12,7
Chris Davis,107957,14,20,9,15,3
Laura Williams,59256,22,11,11,14,3
David Johnson,41792,23,11,15,8,4
Emily Miller,69251,21,17,10,12,3
Alex Doe,44440,21,14,14,12,6
Jane Brown,109713,14,11,14,8,5
John Taylor,84927,21,16,5,15,7
Laura Williams,81199,22,17,10,10,6
Emily Williams,59136,11,20,5,9,6
David Taylor,69603,13,16,7,8,8
Laura Johnson,115168,15,16,9,13,4
David Smith,74311,25,13,6,14,3
John Miller,107419,25,11,14,14,4
Sarah Brown,86841,17,10,10,14,8
Michael Taylor,76181,13,10,12,12,6
Jane Smith,86702,10,15,15,10,6
Laura Johnson,43678,21,11,15,11,7
Alex Taylor,69487,16,13,10,10,4
John Williams,62922,21,13,15,13,3
Sarah Doe,68576,25,18,8,12,5
Michael Smith,61096,12,15,9,9,4
John Johnson,46534,13,12,8,15,5
Alex Johnson,78112,19,12,12,9,5
Anna Williams,85654,23,13,10,14,5
Emily Smith,59612,22,20,5,13,6
Alex Davis,84084,23,11,7,11,3
John Jones,51484,25,13,9,14,5
Emily Taylor,114549,20,11,8,14,3
Chris Taylor,76638,15,12,15,14,4
Alex Taylor,105434,12,16,15,12,3
Michael Williams,43839,13,10,10,14,3
Jane Jones,59368,15,11,9,14,3
Michael Johnson,87325,17,17,13,13,4
Anna Wilson,62448,12,11,6,9,4
David Miller,84658,18,12,12,15,5
Jane Davis,91776,21,14,6,10,3
Sarah Williams,105590,23,18,15,11,8
Alex Brown,97164,14,13,6,12,6
Jane Wilson,116139,19,20,5,14,8
John Johnson,75923,24,17,13,9,5
John Miller,85603,23,20,9,11,6
Laura Davis,116795,24,14,5,8,8
David Miller,68474,16,20,11,12,6
David Wilson,63910,11,13,6,9,6
John Taylor,76969,22,14,13,10,5
Michael Johnson,108458,16,12,7,13,5
Alex Williams,79358,25,17,11,8,5
Jane Davis,100555,23,19,10,10,4
Alex Williams,74110,12,16,9,10,3
Jane Jones,45056,15,16,13,13,5
Anna Doe,85613,12,10,13,10,7
Laura Johnson,112793,11,15,13,14,8
Sarah Wilson,105257,11,16,11,11,3
Emily Johnson,107974,12,15,5,15,8
Alex Johnson,112984,11,17,9,10,3
Anna Brown,46905,23,16,11,10,3
Sarah Williams,112453,12,19,5,10,4
Jane Miller,72984,21,11,7,12,8
David Davis,76848,19,13,14,9,4
John Williams,100532,20,16,10,13,4
David Williams,72337,18,10,10,9,3
John Smith,48056,10,10,13,11,4
Chris Smith,92604,21,10,13,8,8
Sarah Doe,50908,16,17,14,12,5
Anna Brown,105679,14,16,6,10,4
Michael Brown,57742,24,17,10,8,4
Jane Jones,61642,12,16,8,14,6
Chris Doe,43552,24,14,10,15,6
John Miller,51393,15,12,11,13,3
Alex Doe,58451,14,11,8,14,3
David Smith,40721,11,18,7,13,4
Alex Davis,78363,17,17,14,10,6
Anna Jones,59720,15,14,15,8,8
Chris Smith,40384,25,16,9,12,5
Chris Johnson,45176,10,20,14,10,6
Michael Johnson,94527,12,10,6,8,4
Sarah Williams,73867,20,10,9,15,5
Anna Taylor,80624,12,20,13,8,7
Alex Smith,93498,21,11,15,14,3
Emily Smith,61976,14,11,11,9,7
John Taylor,54832,15,20,10,10,7
Chris Johnson,112632,14,13,9,8,7
Anna Taylor,49249,10,18,5,10,3
Jane Doe,63070,13,19,14,14,8
Alex Davis,63855,25,10,8,11,7
Anna Davis,61366,10,15,14,12,6
Emily Jones,90744,24,17,12,8,5
Jane Johnson,116880,20,12,6,13,3
Anna Jones,54521,24,11,7,14,3
Anna Williams,82492,12,19,6,10,8
Jane Johnson,50467,15,20,12,15,3
Alex Smith,95649,16,13,12,15,5
Jane Davis,104557,11,11,13,10,6
Laura Miller,78054,24,10,5,15,5
Michael Williams,88405,16,20,14,11,5
Laura Brown,74638,15,11,14,11,6
Sarah Wilson,79328,11,13,13,15,8
Emily Davis,43291,19,20,7,13,3
Laura Miller,61781,15,20,14,12,4
David Miller,58697,17,20,9,8,6
Emily Smith,95570,18,19,13,11,7
Alex Doe,66271,16,14,5,9,7
Emily Davis,44286,20,16,13,15,7
Jane Williams,67678,21,18,15,11,7
Laura Jones,103019,24,15,10,13,8
Anna Williams,83308,19,16,7,13,8
David Johnson,42038,17,19,7,14,8
Alex Brown,71100,22,14,14,13,3
Chris Smith,55812,10,20,14,14,3
Alex Brown,79111,24,12,5,11,8
Laura Doe,77337,13,10,14,10,6
Alex Brown,76527,24,11,6,8,5
Sarah Doe,83645,12,10,11,9,8
Jane Miller,87474,10,13,9,15,5
Emily Brown,41599,10,14,8,12,3
David Wilson,65977,22,15,15,13,6
Michael Wilson,57761,16,12,10,14,4
Jane Taylor,53835,10,11,12,15,7
Chris Doe,63336,19,13,8,12,7
Alex Taylor,105001,20,14,12,11,4
Anna Williams,101914,16,20,8,14,7
Sarah Williams,90503,25,18,6,10,7
Laura Taylor,113462,18,18,5,13,7
Chris Wilson,66490,25,12,10,9,8
Emily Jones,79254,24,14,10,13,6
David Johnson,78766,12,19,6,14,5
Emily Brown,67671,22,17,11,13,8
Sarah Wilson,51250,15,10,15,14,4
Chris Brown,104549,23,14,7,13,6
Michael Johnson,66831,18,14,15,10,6
Laura Davis,107694,20,16,12,10,3
Sarah Williams,71512,24,14,12,9,3
Laura Taylor,76918,19,17,14,13,8
Sarah Jones,88269,21,16,6,9,6
Sarah Davis,66807,15,19,9,13,8
Alex Wilson,117160,17,18,5,9,8
Chris Williams,77865,18,19,15,14,3
Emily Brown,92896,13,15,10,13,4
Michael Jones,72094,21,12,15,15,6
Emily Taylor,114695,25,10,6,8,5
Jane Wilson,60677,13,14,9,15,7
Chris Jones,41420,11,18,5,12,7
Sarah Taylor,57189,19,14,11,14,6
Jane Johnson,42137,19,20,11,9,6
Sarah Doe,85688,17,10,15,14,4
David Smith,90157,21,16,5,10,3
John Miller,85871,12,12,7,13,4
Laura Brown,64417,21,20,12,15,6
Sarah Miller,63507,15,13,7,12,3
Michael Williams,98705,15,19,12,12,4
Anna Johnson,114263,11,11,6,15,5
Sarah Wilson,52305,23,18,7,10,7
Emily Smith,103583,23,14,10,8,3
Jane Wilson,95810,16,13,10,10,5
David Davis,83593,22,17,5,13,4
Emily Brown,58383,14,18,6,9,3
Laura Jones,104305,14,11,10,11,6
John Johnson,59771,25,19,7,12,7
Jane Jones,95134,20,12,5,13,6
Laura Smith,92390,14,20,6,12,7
Jane Davis,40537,13,10,7,11,5
Alex Williams,100974,14,10,12,8,3
Alex Williams,52524,18,13,14,10,4
Jane Jones,66122,17,10,5,9,5
Jane Taylor,98521,13,17,15,8,3
Alex Davis,80371,14,15,13,8,4
Jane Williams,61019,19,17,8,10,3
Jane Taylor,49609,13,10,14,13,7
Sarah Wilson,63733,20,20,10,11,4
Michael Williams,111897,22,15,14,14,4
Anna Miller,80310,12,11,11,11,5
John Williams,76031,15,11,13,10,8
Alex Doe,60510,18,17,13,11,6
David Johnson,77660,25,11,11,11,8
Anna Taylor,74493,24,19,5,15,6
Emily Davis,112575,18,13,10,15,5
Chris Smith,67484,18,19,14,11,3
Chris Jones,42604,24,11,5,11,6
David Jones,89484,12,13,12,14,6
Michael Taylor,51719,11,12,5,9,3
Chris Williams,80412,14,13,10,12,4
Anna Doe,78160,18,14,14,9,5
Jane Johnson,89609,25,16,8,15,7
Michael Smith,118733,24,13,5,10,8
John Taylor,102391,13,16,6,12,3
Emily Wilson,48132,14,13,5,12,3
Laura Brown,106061,19,15,14,14,7
Alex Williams,51246,15,15,6,12,7
Jane Doe,67681,12,15,6,12,5
Chris Miller,70856,11,15,9,11,5
Laura Brown,82710,19,15,11,8,3
David Doe,43601,16,14,5,10,6
Michael Davis,111523,13,10,14,10,4
Chris Johnson,70923,21,18,14,12,4
David Miller,50353,25,18,15,10,8
David Williams,51511,11,13,12,15,8
Anna Smith,71805,15,11,7,10,7
Sarah Johnson,64799,20,14,14,10,7
Anna Miller,81295,23,17,5,8,7
Emily Doe,52030,18,17,15,15,8
Laura Taylor,54306,19,18,9,12,7
Chris Brown,42699,11,14,13,15,7
Michael Smith,55407,18,11,11,13,6
David Taylor,76263,25,13,9,11,4
David Wilson,57887,23,15,9,14,6
David Smith,109148,16,10,14,11,5
Anna Brown,69100,24,17,11,15,8
Jane Doe,81010,18,16,12,9,5
David Jones,51085,21,16,8,12,3
John Wilson,69547,12,15,6,14,8
Anna Brown,113186,21,14,15,15,6
Sarah Taylor,77090,25,12,15,13,4
Laura Smith,112695,24,18,12,9,8
Anna Brown,117939,20,10,13,9,7
Emily Taylor,97074,16,14,13,14,8
Anna Taylor,72548,24,17,7,9,3
Jane Brown,115209,16,17,13,9,8
David Jones,97244,13,18,7,13,6
Alex Johnson,46603,19,20,10,10,6
David Taylor,40607,12,15,11,14,4
Sarah Wilson,117954,12,20,12,10,7
John Smith,54422,25,16,13,9,3
Jane Brown,74769,17,15,7,15,8
Anna Taylor,53531,20,10,11,13,7
Sarah Doe,101022,18,17,12,14,4
John Williams,64014,20,15,8,14,8
Emily Miller,114508,23,16,9,11,5
Jane Taylor,74513,25,19,5,13,4
Michael Brown,114659,18,15,14,14,8
Michael Smith,93398,13,14,6,15,5
Anna Johnson,86692,19,10,11,14,6
Laura Miller,47524,16,20,13,8,6
Sarah Wilson,118570,12,18,14,14,8
David Smith,96201,15,11,12,10,3
Michael Johnson,75141,25,11,9,15,8
David Davis,106005,12,12,14,12,6
Alex Johnson,81235,11,16,5,14,6
Emily Miller,59585,18,20,15,9,8
Anna Smith,69656,22,10,13,10,6
Alex Davis,96219,11,17,8,10,5
Michael Johnson,45104,23,20,13,9,5
Emily Jones,104259,17,12,13,12,4
Michael Brown,74055,10,18,6,9,8
David Johnson,72717,22,10,11,15,8
Jane Williams,75207,16,18,9,12,3
David Taylor,95865,14,18,14,15,7
Chris Smith,102820,18,18,8,13,7
Chris Wilson,55718,13,18,6,13,6
John Wilson,103987,12,18,12,12,6
John Miller,74885,10,19,14,12,4
John Wilson,109695,16,12,10,15,5
David Wilson,87847,11,11,15,14,4
David Brown,95221,11,14,6,15,6
Anna Smith,67012,13,20,5,10,5
Chris Smith,113584,13,10,12,13,7
Chris Doe,92043,25,18,15,13,7
Sarah Taylor,73574,10,19,12,8,7
John Jones,100140,25,16,10,8,8
Anna Johnson,95270,13,16,8,10,8
Jane Miller,45177,10,11,6,14,3
David Williams,42198,18,19,6,10,5
Chris Jones,112608,14,10,9,10,7
Jane Brown,52958,18,19,7,11,5
Michael Williams,58180,18,16,14,8,3
John Williams,65131,22,13,6,9,6
Sarah Miller,63106,22,13,10,15,5
Laura Smith,93733,15,12,13,10,8
Sarah Smith,114670,11,15,10,9,4
Chris Davis,99799,23,11,12,14,3
Sarah Williams,108638,22,20,15,10,5
Emily Miller,92968,23,17,13,11,4
Anna Williams,104894,14,10,13,13,8
John Doe,70686,16,20,9,15,3
David Brown,101791,24,17,8,13,5
John Wilson,53279,22,10,13,15,8
Michael Williams,62765,18,14,11,15,7
Laura Jones,87330,19,16,12,11,3
Alex Doe,87453,12,18,5,12,3
John Smith,88988,12,20,9,10,7
John Taylor,108877,11,10,9,11,3
Anna Davis,69671,12,18,15,9,4
Alex Johnson,58105,24,10,7,14,3
Laura Williams,90704,17,10,8,15,7
John Johnson,105992,25,18,12,12,7
Michael Doe,87432,12,14,15,14,8
Anna Wilson,64664,13,19,11,9,3
Anna Wilson,42540,15,11,14,13,8
Jane Jones,111831,24,14,12,8,5
Laura Miller,101742,11,10,13,12,4
David Jones,89472,17,14,5,9,7
Chris Smith,63411,13,12,10,11,3
Jane Brown,116812,23,19,12,15,7
Alex Miller,96268,21,16,8,11,6
Laura Smith,67405,10,11,8,10,6
Anna Jones,66321,17,17,15,9,5
John Davis,45114,15,19,9,11,3
David Williams,76998,12,11,14,10,3
John Smith,50001,21,11,6,13,7
Sarah Smith,46650,11,10,10,12,3
Michael Miller,53832,21,12,10,11,3
Chris Wilson,61626,17,18,15,9,4
Michael Doe,76612,21,10,6,13,6
David Doe,85143,16,19,12,12,4
Jane Davis,59809,23,13,10,9,4
John Doe,95839,11,10,15,12,5
Sarah Miller,41264,13,10,15,8,5
Emily Davis,60967,14,14,9,10,4
Michael Wilson,84970,19,12,5,14,5
Jane Brown,67375,15,15,8,13,4
John Taylor,61297,13,16,8,12,4
Sarah Jones,91418,10,19,7,8,5
David Miller,114727,10,13,5,9,4
Anna Taylor,88683,14,18,7,10,4
Jane Smith,110912,15,13,7,13,8
Anna Miller,52853,18,17,13,11,3
David Davis,94527,13,11,6,13,6
John Davis,102511,13,10,10,9,3
Laura Doe,87980,24,14,10,13,4
Alex Miller,102694,23,14,5,14,6
Alex Taylor,82692,23,10,5,12,8
Laura Johnson,46519,17,12,12,12,5
Jane Taylor,42608,19,17,6,9,3
Emily Doe,73869,16,20,14,15,6
John Wilson,83460,19,11,12,10,5
Anna Brown,113939,18,18,8,8,8
Anna Brown,46408,12,13,15,14,3
Jane Johnson,102973,16,17,8,11,5
Jane Miller,69006,18,13,11,9,5
John Brown,80986,22,17,12,11,6
Jane Doe,115521,21,18,11,13,7
Michael Brown,75190,23,12,7,9,4
Michael Davis,102007,22,20,8,11,5
John Jones,111017,16,14,6,12,7
Laura Wilson,92462,25,17,12,12,6
Michael Taylor,51352,25,19,6,12,5
Chris Davis,85344,17,11,10,11,4
David Johnson,117236,15,18,13,11,5
Jane Doe,92220,14,15,14,10,8
John Williams,45209,17,16,14,8,4
Laura Miller,67205,15,20,14,12,6
Jane Doe,58259,20,14,11,9,4
Michael Miller,101320,16,11,9,15,6
Jane Doe,110686,24,12,9,14,8
Emily Jones,88781,18,17,7,8,8
David Johnson,47629,19,10,9,11,5
Alex Smith,104334,13,16,13,12,8
Emily Jones,43042,10,15,9,11,3
David Wilson,67143,23,20,14,10,5
Emily Davis,55677,20,12,10,9,5
Sarah Jones,74793,15,16,10,9,5
Alex Wilson,78360,21,10,12,13,4
David Williams,46114,21,16,13,12,3
Alex Williams,90437,17,20,9,8,4
Jane Jones,54629,16,19,15,11,7
David Davis,87028,14,10,6,10,4
Sarah Doe,56522,18,14,5,14,5
Jane Wilson,104610,13,10,13,9,3
Jane Johnson,46708,15,20,11,14,4
Laura Wilson,67314,20,11,5,15,3
Anna Smith,96226,18,11,6,12,8
Sarah Williams,83524,18,12,8,15,8
Laura Davis,114118,19,20,10,15,6
Anna Taylor,46130,22,20,10,11,6
John Miller,66086,11,12,5,13,3
Jane Jones,112120,16,14,11,8,7
Alex Wilson,73427,21,15,15,9,4
David Jones,117091,16,18,8,9,8
Sarah Johnson,69089,23,10,12,8,3
Emily Taylor,76310,17,12,9,12,3
Anna Doe,66308,15,16,12,14,8
Emily Davis,79133,21,14,11,13,8
Chris Doe,75923,18,18,5,10,5
Emily Taylor,98332,18,10,5,9,7
Anna Jones,42183,15,14,9,14,8
David Brown,43625,25,15,8,13,4
Alex Johnson,77577,13,10,8,11,8
Sarah Smith,119045,13,18,13,13,4
Alex Doe,99191,19,19,13,8,5
David Johnson,90862,15,11,11,9,7
Anna Johnson,54083,18,10,6,9,6
Anna Taylor,88350,20,19,6,10,3
Anna Davis,69551,21,16,6,13,7
Alex Miller,119707,16,12,10,8,3
Alex Taylor,80194,10,13,15,11,3
Alex Smith,92565,24,18,11,15,3
Jane Smith,82263,17,10,7,15,6
Laura Doe,40013,14,12,6,12,5
Laura Doe,105760,16,15,14,12,6
John Williams,44688,20,16,13,11,8
John Johnson,95869,24,19,7,8,7
John Doe,113427,17,10,11,9,8
Emily Williams,114620,25,12,10,15,4
Jane Taylor,43503,12,19,12,14,6
Anna Jones,118842,15,20,7,9,8
Anna Smith,103628,14,14,9,14,5
Michael Smith,99059,13,19,10,12,5
Emily Davis,86033,22,13,9,14,5
Sarah Jones,93744,18,19,9,13,5
Michael Smith,44513,10,12,15,9,6
Michael Williams,116982,25,19,8,9,4
Alex Brown,100965,22,16,12,11,5
Jane Jones,51963,20,11,14,10,5
David Smith,87322,20,14,11,12,4
Sarah Jones,113246,12,19,7,10,7
Jane Brown,61704,18,20,8,8,4
Sarah Smith,90344,16,10,9,13,6
John Smith,52390,17,19,13,13,5
Michael Jones,50668,23,15,13,13,5
Emily Doe,78782,12,20,7,10,3
Sarah Jones,42985,20,11,8,9,3
Emily Davis,99633,19,17,11,14,3
David Jones,82028,16,12,11,13,5
Chris Jones,90709,20,20,10,10,8
Sarah Wilson,101212,23,19,13,9,5
Jane Johnson,93599,15,10,10,13,7
Chris Brown,108777,18,10,15,11,7
Jane Doe,98745,24,15,12,8,7
Jane Williams,46449,16,10,15,8,4
Michael Doe,51507,25,12,9,9,4
Alex Taylor,49574,25,20,7,8,7
Chris Williams,100662,16,14,7,14,8
Sarah Taylor,83086,20,17,11,8,4
Michael Johnson,91936,15,19,14,8,6
Alex Taylor,70876,14,13,13,12,8
John Williams,84137,10,12,10,9,5
Alex Wilson,94254,11,13,11,9,5
Anna Brown,100326,23,12,12,14,7
Michael Williams,48324,18,20,11,10,4
Emily Taylor,74111,12,14,12,11,6
Sarah Jones,89117,18,17,7,12,8
Laura Davis,94971,20,17,12,9,7
Chris Johnson,79469,15,13,15,8,5
Emily Doe,57436,22,20,14,9,4
Chris Jones,50795,25,11,6,9,3
Alex Johnson,45084,24,11,8,11,8
Laura Wilson,98671,22,19,14,8,5
Anna Davis,84975,12,11,13,14,4
Emily Davis,110003,14,14,8,10,7
Michael Smith,57882,20,13,15,10,3
David Williams,46409,15,12,5,10,8
Emily Miller,44512,17,19,8,10,6
Michael Davis,68010,18,15,14,12,8
Chris Wilson,84575,21,16,11,13,3
John Doe,57808,23,17,8,9,6
Emily Doe,107512,12,16,6,10,3
Anna Johnson,84858,12,15,11,13,8
Jane Doe,47420,20,16,9,11,6
Anna Doe,112965,23,15,11,15,4
Emily Miller,43706,12,13,8,14,5
